endpoint,model,fraction,n_train,seed,noise_type,noise_level,arm,R2,RMSE,MSE,MAE,Pearson,Spearman,CCC
HLM,RF,1.0,2468,0,none,0.0,base,0.2516469382925498,0.529146117566738,0.27999561373595216,0.4295026242662348,0.5055114832156352,0.517841586316416,0.38549778841112226
HLM,RF,1.0,2468,1,none,0.0,base,0.2516469382925498,0.529146117566738,0.27999561373595216,0.4295026242662348,0.5055114832156352,0.517841586316416,0.38549778841112226
HLM,RF,1.0,2468,2,none,0.0,base,0.2516469382925498,0.529146117566738,0.27999561373595216,0.4295026242662348,0.5055114832156353,0.517841586316416,0.38549778841112226
HLM,RF,1.0,2468,3,none,0.0,base,0.2516469382925498,0.529146117566738,0.27999561373595216,0.4295026242662348,0.505511483215635,0.517841586316416,0.38549778841112226
HLM,RF,1.0,2468,4,none,0.0,base,0.2516469382925498,0.529146117566738,0.27999561373595216,0.4295026242662348,0.505511483215635,0.517841586316416,0.3854977884111222
HLM,LightGBM,1.0,2468,0,none,0.0,base,0.30697832673114067,0.5092086265444208,0.2592934253472554,0.40247223468357696,0.5708706085354652,0.5686775695740202,0.5385493286939037
HLM,LightGBM,1.0,2468,1,none,0.0,base,0.30697832673114067,0.5092086265444208,0.2592934253472554,0.40247223468357696,0.5708706085354652,0.5686775695740202,0.5385493286939037
HLM,LightGBM,1.0,2468,2,none,0.0,base,0.30697832673114067,0.5092086265444208,0.2592934253472554,0.40247223468357696,0.5708706085354652,0.5686775695740202,0.5385493286939037
HLM,LightGBM,1.0,2468,3,none,0.0,base,0.30697832673114067,0.5092086265444208,0.2592934253472554,0.40247223468357696,0.5708706085354652,0.5686775695740202,0.5385493286939037
HLM,LightGBM,1.0,2468,4,none,0.0,base,0.30697832673114067,0.5092086265444208,0.2592934253472554,0.40247223468357696,0.5708706085354652,0.5686775695740202,0.5385493286939037
HLM,FCNN,1.0,2468,0,none,0.0,base,0.16090054553095612,0.5603108901389021,0.3139482936082489,0.4268741149411618,0.5137566286832456,0.5301858523259422,0.4668492090752937
HLM,FCNN,1.0,2468,1,none,0.0,base,0.16090054553095612,0.5603108901389021,0.3139482936082489,0.4268741149411618,0.5137566286832456,0.5301858523259422,0.4668492090752937
HLM,FCNN,1.0,2468,2,none,0.0,base,0.16090054553095612,0.5603108901389021,0.3139482936082489,0.4268741149411618,0.5137566286832456,0.5301858523259422,0.4668492090752937
HLM,FCNN,1.0,2468,3,none,0.0,base,0.16090054553095612,0.5603108901389021,0.3139482936082489,0.4268741149411618,0.5137566286832456,0.5301858523259422,0.4668492090752937
HLM,FCNN,1.0,2468,4,none,0.0,base,0.16090054553095612,0.5603108901389021,0.3139482936082489,0.4268741149411618,0.5137566286832456,0.5301858523259422,0.4668492090752937
SOL,RF,1.0,1737,0,none,0.0,base,0.19264253582654134,0.6065509809221161,0.36790409245758127,0.43164558250865875,0.44024274861362084,0.40959143803231035,0.3405126932448774
SOL,RF,1.0,1737,1,none,0.0,base,0.19264253582654134,0.6065509809221161,0.36790409245758127,0.43164558250865875,0.44024274861362095,0.40959143803231035,0.3405126932448774
SOL,RF,1.0,1737,2,none,0.0,base,0.19264253582654134,0.6065509809221161,0.36790409245758127,0.43164558250865875,0.44024274861362084,0.40959143803231035,0.34051269324487726
SOL,RF,1.0,1737,3,none,0.0,base,0.19264253582654134,0.6065509809221161,0.36790409245758127,0.4316455825086588,0.44024274861362095,0.40959143803231035,0.3405126932448774
SOL,RF,1.0,1737,4,none,0.0,base,0.19264253582654134,0.6065509809221161,0.36790409245758127,0.43164558250865875,0.44024274861362095,0.40959143803231035,0.3405126932448773
SOL,LightGBM,1.0,1737,0,none,0.0,base,0.17967735419321684,0.6114018203708148,0.37381218595274607,0.4437964071237645,0.46578230723644987,0.4142999695787691,0.42797700300740193
SOL,LightGBM,1.0,1737,1,none,0.0,base,0.17967735419321684,0.6114018203708148,0.37381218595274607,0.4437964071237645,0.46578230723644987,0.4142999695787691,0.42797700300740193
SOL,LightGBM,1.0,1737,2,none,0.0,base,0.17967735419321684,0.6114018203708148,0.37381218595274607,0.4437964071237645,0.46578230723644987,0.4142999695787691,0.42797700300740193
SOL,LightGBM,1.0,1737,3,none,0.0,base,0.17967735419321684,0.6114018203708148,0.37381218595274607,0.4437964071237645,0.46578230723644987,0.4142999695787691,0.42797700300740193
SOL,LightGBM,1.0,1737,4,none,0.0,base,0.17967735419321684,0.6114018203708148,0.37381218595274607,0.4437964071237645,0.46578230723644987,0.4142999695787691,0.42797700300740193
SOL,FCNN,1.0,1737,0,none,0.0,base,0.0740570604178511,0.6495707930272209,0.4219422151540126,0.4088396625636994,0.46133565149595596,0.5088952758665588,0.45372090737996357
SOL,FCNN,1.0,1737,1,none,0.0,base,0.0740570604178511,0.6495707930272209,0.4219422151540126,0.4088396625636994,0.46133565149595596,0.5088952758665588,0.45372090737996357
SOL,FCNN,1.0,1737,2,none,0.0,base,0.0740570604178511,0.6495707930272209,0.4219422151540126,0.4088396625636994,0.46133565149595596,0.5088952758665588,0.45372090737996357
SOL,FCNN,1.0,1737,3,none,0.0,base,0.0740570604178511,0.6495707930272209,0.4219422151540126,0.4088396625636994,0.46133565149595596,0.5088952758665588,0.45372090737996357
SOL,FCNN,1.0,1737,4,none,0.0,base,0.0740570604178511,0.6495707930272209,0.4219422151540126,0.4088396625636994,0.46133565149595596,0.5088952758665588,0.45372090737996357
HLM,RF,1.0,2468,0,gaussian,0.1,base,0.2519502948256439,0.5290388578984415,0.27988211316648737,0.4310740353163259,0.5058746551258074,0.5186420675545137,0.3851492833277778
HLM,RF,1.0,2468,1,gaussian,0.1,base,0.261105854573372,0.5257913738915986,0.2764565688588148,0.4274671502534679,0.5155816792719204,0.5247472538370258,0.39082131539851483
HLM,RF,1.0,2468,2,gaussian,0.1,base,0.2523245223617848,0.5289065099580812,0.27974209627603785,0.4289697716402127,0.5072813540149608,0.5163036627660882,0.3836112517093695
HLM,RF,1.0,2468,3,gaussian,0.1,base,0.25322404524160014,0.5285882524357576,0.27940554061308814,0.42961432193617344,0.5087852234237804,0.5179799017410358,0.38113088787149024
HLM,RF,1.0,2468,4,gaussian,0.1,base,0.2574157116190169,0.5271026773512741,0.2778372324708814,0.4270510905445341,0.5107547993911528,0.5219499143562416,0.3916789729628513
HLM,RF,1.0,2468,0,gaussian,0.3,base,0.24623033448135712,0.5310576532721382,0.28202223109891056,0.43265457076064023,0.5007617977690845,0.5077726604602608,0.3783298484614702
HLM,RF,1.0,2468,1,gaussian,0.3,base,0.2581828731843345,0.5268303329087254,0.2775501996727184,0.4295895750217838,0.5118300520282054,0.5152132076108367,0.38647352474725366
HLM,RF,1.0,2468,2,gaussian,0.3,base,0.24561039905717674,0.5312759917133394,0.28225417937099223,0.4311693345775434,0.5022327098635219,0.5108396893098671,0.3749785575108982
HLM,RF,1.0,2468,3,gaussian,0.3,base,0.24307045864856747,0.5321696118272117,0.2832044957523252,0.43484765384944685,0.4986371014208861,0.5061031830014238,0.3686060367352901
HLM,RF,1.0,2468,4,gaussian,0.3,base,0.26420353782792205,0.5246880725742477,0.275297573501679,0.4260707884904824,0.5167473588426138,0.521871604173455,0.3984611018950434
HLM,RF,1.0,2468,0,gaussian,0.5,base,0.2386892225896139,0.5337075334090147,0.2848437312175345,0.43483395758059623,0.4928376771761373,0.501862709741794,0.37482959295115714
HLM,RF,1.0,2468,1,gaussian,0.5,base,0.25118756948450405,0.5293084980948547,0.2801674861554308,0.43319857392491207,0.5034925327840217,0.5058008429654516,0.38087044693665983
HLM,RF,1.0,2468,2,gaussian,0.5,base,0.23753517495523435,0.5341118956592001,0.2852755170846643,0.43388218042872384,0.49525211361982335,0.5019401458122318,0.3663209584209858
HLM,RF,1.0,2468,3,gaussian,0.5,base,0.23468176889881787,0.5351103777273322,0.2863431163514881,0.4392404898256428,0.48999073508045826,0.4919110949046984,0.35876913147679984
HLM,RF,1.0,2468,4,gaussian,0.5,base,0.26638692428276345,0.5239090202087683,0.27448066145611155,0.42631851789417996,0.5178158504562621,0.5190072922612331,0.4056643851514108
HLM,RF,1.0,2468,0,gaussian,1.0,base,0.21734025748880414,0.5411390089323489,0.2928314269882848,0.44063783605746065,0.47410013230755316,0.4803217534543802,0.36372555269833984
HLM,RF,1.0,2468,1,gaussian,1.0,base,0.1949682880051421,0.5488186211431181,0.30120187891343336,0.4485056209732649,0.44403909619738474,0.44700992314913135,0.35121508046766964
HLM,RF,1.0,2468,2,gaussian,1.0,base,0.20588422814924312,0.5450850299633702,0.2971176898901681,0.4399047544735337,0.46183930527872613,0.47074343600863805,0.3549802629602512
HLM,RF,1.0,2468,3,gaussian,1.0,base,0.16906630049928384,0.5575778724570238,0.3108930838537011,0.4566243637536004,0.417526171226896,0.42022113053835514,0.31836001303116845
HLM,RF,1.0,2468,4,gaussian,1.0,base,0.22796026764696498,0.5374550770982237,0.2888579598986576,0.43622064836103636,0.48059830950739213,0.48768738403481804,0.39892221454558796
HLM,RF,1.0,2468,0,systematic_bias,0.1,base,0.25673097637664566,0.527345641430443,0.27809342553568545,0.4328558289764492,0.5087163124898955,0.5184699702585276,0.38832904771082527
HLM,RF,1.0,2468,1,systematic_bias,0.1,base,0.25611106895333335,0.5275655061992471,0.2783253633312679,0.4330990767669447,0.5083681409674494,0.521670481205648,0.38621000023733143
HLM,RF,1.0,2468,2,systematic_bias,0.1,base,0.2605823226123045,0.5259776115609153,0.2766524478633251,0.4328347645642,0.5130631822903078,0.5251511708697774,0.39057744553147594
HLM,RF,1.0,2468,3,systematic_bias,0.1,base,0.25440204465430993,0.5281711779432855,0.2789647932099978,0.4334697305768565,0.5063261090391011,0.5186044035959508,0.3856204151124771
HLM,RF,1.0,2468,4,systematic_bias,0.1,base,0.2547017337652715,0.5280650194845048,0.2788526648031704,0.4338840709807307,0.5067682237822895,0.5152288387963699,0.3853898907648416
HLM,RF,1.0,2468,0,systematic_bias,0.3,base,0.24082460777601755,0.5329585150859869,0.28404477880266016,0.44315903915186994,0.5037093246555102,0.5131932111000911,0.380863069972096
HLM,RF,1.0,2468,1,systematic_bias,0.3,base,0.25174317880397856,0.5291120915615182,0.2799596054366044,0.4429960114988608,0.516620478689194,0.5266831555979699,0.3885449635508214
HLM,RF,1.0,2468,2,systematic_bias,0.3,base,0.23922586293355885,0.5335193977012992,0.284642947723557,0.44697010953702654,0.5042927202728407,0.5161638047902644,0.37961889012744565
HLM,RF,1.0,2468,3,systematic_bias,0.3,base,0.2370277477461158,0.5342895942379556,0.28546537051095927,0.4458434863318209,0.5007003648827063,0.5150691333283888,0.3778812580058752
HLM,RF,1.0,2468,4,systematic_bias,0.3,base,0.25027762136502696,0.5296300052038848,0.28050794241226706,0.4430443793553424,0.5148147684520985,0.52520181796764,0.38596105767454547
HLM,RF,1.0,2468,0,systematic_bias,0.5,base,0.20168334562824464,0.5465248816330952,0.2986894462440687,0.45997364253681805,0.4966574327385561,0.5022713058465308,0.36719880495008306
HLM,RF,1.0,2468,1,systematic_bias,0.5,base,0.2126582915353208,0.5427551752572626,0.2945831802685418,0.4586358672737873,0.5086931676668183,0.5196942160215341,0.3744736376995866
HLM,RF,1.0,2468,2,systematic_bias,0.5,base,0.19976315538139944,0.547181764744663,0.2994078836690837,0.4639474515252759,0.5007986624301795,0.511723802532405,0.3647621223214551
HLM,RF,1.0,2468,3,systematic_bias,0.5,base,0.20417335019761695,0.5456718916265747,0.29775781331132434,0.46011369763728915,0.5006272699651645,0.5166675248859108,0.3681877297059255
HLM,RF,1.0,2468,4,systematic_bias,0.5,base,0.21378709583243583,0.5423659642464363,0.2941608391729667,0.45828710160823677,0.5082596409166482,0.5180492908360264,0.36994740969971085
HLM,RF,1.0,2468,0,systematic_bias,1.0,base,0.02489872809167737,0.6040142790047819,0.36483324924166644,0.5155444569564064,0.4925532821314125,0.49683954600128527,0.3222997333258707
HLM,RF,1.0,2468,1,systematic_bias,1.0,base,0.02487055735028132,0.6040230039483597,0.3648437892988002,0.5153413205431876,0.5010947966871903,0.5105928039896765,0.3243390948436532
HLM,RF,1.0,2468,2,systematic_bias,1.0,base,-0.006306435563860235,0.613602992731503,0.3765086326890569,0.5266032407514336,0.483733982248427,0.49192081297728324,0.3074984779771759
HLM,RF,1.0,2468,3,systematic_bias,1.0,base,0.0032755242570616794,0.6106746688572431,0.37292355118390347,0.521052628878902,0.48005871037303166,0.4943249047378097,0.311386475840623
HLM,RF,1.0,2468,4,systematic_bias,1.0,base,0.04025726327810153,0.5992385729788025,0.3590868673456716,0.5117451526513888,0.5061008915153489,0.5127751797238235,0.3237031471856335
HLM,RF,1.0,2468,0,gross_errors,0.01,base,0.2560151549326385,0.5275995161809818,0.2783612494744061,0.4285892691241975,0.5100284355782264,0.5208239805232995,0.38653440293128727
HLM,RF,1.0,2468,1,gross_errors,0.01,base,0.24738798455926247,0.5306496936594137,0.28158909738082966,0.43380303950305865,0.5002833117765006,0.510292032214095,0.3796836174477059
HLM,RF,1.0,2468,2,gross_errors,0.01,base,0.2460960359257135,0.531104960229803,0.28207247878070063,0.4325411817609464,0.49897186074244254,0.5088435766335958,0.38033797841445816
HLM,RF,1.0,2468,3,gross_errors,0.01,base,0.24020760681534425,0.5331750455037294,0.2842756291479039,0.4355861485587393,0.49120882434007584,0.5020211554596253,0.3781052611807554
HLM,RF,1.0,2468,4,gross_errors,0.01,base,0.2517730521772854,0.5291015293318458,0.2799484283412982,0.4298694302610911,0.5054663274481721,0.5167709272349483,0.38352148073200215
HLM,RF,1.0,2468,0,gross_errors,0.05,base,0.2595042524884491,0.5263609092764839,0.277055806814367,0.43014652860299385,0.5129517288338515,0.518149993720457,0.3855922904611783
HLM,RF,1.0,2468,1,gross_errors,0.05,base,0.23449058376480292,0.5351772118602941,0.2864146480945581,0.44438868626598027,0.4857503376942155,0.4807585525369625,0.3623396973677803
HLM,RF,1.0,2468,2,gross_errors,0.05,base,0.24188950375796836,0.5325845932288741,0.2836463489447653,0.4379145788292983,0.4937158879951332,0.49897628792898224,0.3699828617498118
HLM,RF,1.0,2468,3,gross_errors,0.05,base,0.25481926390715026,0.5280233811187316,0.2788086910080572,0.4362605028065056,0.5079769224316864,0.5126042393412402,0.38313604156687886
HLM,RF,1.0,2468,4,gross_errors,0.05,base,0.25196000222046666,0.529035425235013,0.279878481153591,0.43457603756575014,0.5040181757630199,0.5065745095217875,0.382135737524192
HLM,RF,1.0,2468,0,gross_errors,0.1,base,0.24169447756807894,0.5326530933125034,0.28371931781537846,0.44120552065637575,0.49730792016485753,0.5051047410254872,0.3664818175451599
HLM,RF,1.0,2468,1,gross_errors,0.1,base,0.21870975728322173,0.540665358509761,0.2923190298924884,0.45140830337594456,0.47273085333441794,0.4705741924323792,0.33937887183556864
HLM,RF,1.0,2468,2,gross_errors,0.1,base,0.24178835860943582,0.5326201200758385,0.28368419230960057,0.44328172615283107,0.4973073771748648,0.49973005557478734,0.3691819600079379
HLM,RF,1.0,2468,3,gross_errors,0.1,base,0.24058473996878782,0.5330427047839578,0.28413452512339754,0.44362527762568676,0.49727700214613657,0.5009222676911256,0.3749421451601253
HLM,RF,1.0,2468,4,gross_errors,0.1,base,0.22363295936321392,0.5389591991385684,0.29047701833608697,0.44780371184791734,0.4762253195620101,0.48434156476428647,0.35763889585832326
HLM,RF,1.0,2468,0,gross_errors,0.2,base,0.22239971462155483,0.539387092660259,0.2909384357284868,0.45131379107166336,0.5008982486875743,0.5042299859469197,0.35493262584554697
HLM,RF,1.0,2468,1,gross_errors,0.2,base,0.18399131598541274,0.552547647680412,0.30530890295715674,0.46592007365114096,0.4562843575284762,0.4467741956159827,0.3136218538083998
HLM,RF,1.0,2468,2,gross_errors,0.2,base,0.21929116151259564,0.5404641505518292,0.2921014980317103,0.45296107755455783,0.5000495930563765,0.5092040965591432,0.3662700622022774
HLM,RF,1.0,2468,3,gross_errors,0.2,base,0.19724447274893264,0.548042194062566,0.3003502464729113,0.46324863276092554,0.4721608827091604,0.4785487965189456,0.3372011415068085
HLM,RF,1.0,2468,4,gross_errors,0.2,base,0.15245059061385013,0.5631250629422888,0.31710983651375674,0.46782701915280805,0.42875513183838265,0.43184867584015746,0.31729095561219367
HLM,LightGBM,1.0,2468,0,gaussian,0.1,base,0.2790282274103769,0.519375518724415,0.2697509294502552,0.40949296537629437,0.5512529473640809,0.5506946618936132,0.5199720184592789
HLM,LightGBM,1.0,2468,1,gaussian,0.1,base,0.29591107387402593,0.513258441609812,0.26343422788373283,0.4094528192687597,0.562930611254106,0.5643194253667164,0.5309006336750519
HLM,LightGBM,1.0,2468,2,gaussian,0.1,base,0.27280198661425925,0.5216133354802029,0.2720804717507827,0.413254529078929,0.5466258437623588,0.5423861211805806,0.5154462459493147
HLM,LightGBM,1.0,2468,3,gaussian,0.1,base,0.27200090825590684,0.5219005599595059,0.2723801944860458,0.4165949661153924,0.5456728252397881,0.5436824812123715,0.5141998370884617
HLM,LightGBM,1.0,2468,4,gaussian,0.1,base,0.2885316950407162,0.5159410971481475,0.26619521572643423,0.4082150718753322,0.5595979084269384,0.5629224909964287,0.5298649956659909
HLM,LightGBM,1.0,2468,0,gaussian,0.3,base,0.2594362515324191,0.5263850770205067,0.2770812493098848,0.4176010988337454,0.540747376779598,0.530095201733524,0.5126969204983556
HLM,LightGBM,1.0,2468,1,gaussian,0.3,base,0.25854637159708505,0.5267012408130196,0.27741419707397447,0.4172719570532269,0.538930298106357,0.5352772482480386,0.510539724798687
HLM,LightGBM,1.0,2468,2,gaussian,0.3,base,0.24263693828442168,0.5323219862077413,0.28336669700015477,0.42129666263502324,0.5298245953515194,0.5344545799817907,0.5031276864762451
HLM,LightGBM,1.0,2468,3,gaussian,0.3,base,0.2200169588808828,0.5402128669423215,0.2918299416100424,0.4326393498354733,0.5131226469661654,0.503990222071454,0.48659829680690186
HLM,LightGBM,1.0,2468,4,gaussian,0.3,base,0.28256958537596877,0.5180983821685645,0.2684259336056839,0.4157330202222553,0.5609165596440178,0.5597084827262738,0.5363730753299764
HLM,LightGBM,1.0,2468,0,gaussian,0.5,base,0.23142740275638696,0.5362468969307441,0.2875607344678521,0.4291863601590797,0.5286471551381121,0.5214256012020226,0.5067100884681688
HLM,LightGBM,1.0,2468,1,gaussian,0.5,base,0.19323187558524513,0.5494101892325478,0.30185155603254404,0.4317683136336322,0.5014967660496791,0.49791652954268906,0.480089599625395
HLM,LightGBM,1.0,2468,2,gaussian,0.5,base,0.21389865101300953,0.5423274849241575,0.29411910090416227,0.4332536839906702,0.513266415189367,0.515151119924878,0.48903888563841663
HLM,LightGBM,1.0,2468,3,gaussian,0.5,base,0.17638835896260296,0.5551157918623981,0.30815354237501735,0.44378429210297865,0.4883790310493083,0.47899428530664334,0.4659656075615991
HLM,LightGBM,1.0,2468,4,gaussian,0.5,base,0.27399628549617827,0.5211848289390167,0.2716336259161921,0.41512258021282433,0.5636794103151987,0.566700070348943,0.545405605759008
HLM,LightGBM,1.0,2468,0,gaussian,1.0,base,0.043120292570944185,0.5983441046369041,0.3580156675537385,0.4753253280327338,0.46549050486266164,0.45235265208072284,0.45877746295975214
HLM,LightGBM,1.0,2468,1,gaussian,1.0,base,-0.044776146165484976,0.6252215925042478,0.39090203973354776,0.5089377531160741,0.4119283386550778,0.4045315080236585,0.40818885239522656
HLM,LightGBM,1.0,2468,2,gaussian,1.0,base,-0.05220365853799991,0.6274400662182238,0.3936810366959291,0.5027371952913966,0.41036025697100886,0.41578467614826475,0.4060521989013466
HLM,LightGBM,1.0,2468,3,gaussian,1.0,base,-0.09614647632822337,0.6404078402005768,0.41012220179036757,0.5152371431305565,0.3828911988511521,0.3729862844847214,0.379168038464591
HLM,LightGBM,1.0,2468,4,gaussian,1.0,base,0.06929712593774362,0.5901030666637156,0.34822162928592154,0.467514226683716,0.48824457555676026,0.49586748165093597,0.48515292245327
HLM,LightGBM,1.0,2468,0,systematic_bias,0.1,base,0.28931526471729985,0.5156569051689746,0.2659020438484448,0.4097638338088995,0.5576880929498055,0.5599649061547419,0.5224906019144565
HLM,LightGBM,1.0,2468,1,systematic_bias,0.1,base,0.2880778820793487,0.5161056184841999,0.26636500943095853,0.4095118117208242,0.5576318379335007,0.5544450923449382,0.5239076345178785
HLM,LightGBM,1.0,2468,2,systematic_bias,0.1,base,0.2808332640162573,0.518724952797443,0.26907557665470944,0.4147649962680646,0.5537689525570587,0.5492112161099714,0.5202898801294641
HLM,LightGBM,1.0,2468,3,systematic_bias,0.1,base,0.29443474615714493,0.5137962578192199,0.2639865945490343,0.41024623456838927,0.5651612223050715,0.5630363569844663,0.5328762753808429
HLM,LightGBM,1.0,2468,4,systematic_bias,0.1,base,0.28886244025290186,0.5158211586468046,0.2660714677077319,0.4154700242347318,0.5575811350727213,0.561642353461466,0.5237312025829605
HLM,LightGBM,1.0,2468,0,systematic_bias,0.3,base,0.27971936262566177,0.5191265181450835,0.26949234184143767,0.4178048138838712,0.5697485398366153,0.566656261894751,0.5318910179423686
HLM,LightGBM,1.0,2468,1,systematic_bias,0.3,base,0.2681942885649897,0.5232632585635929,0.27380443776258945,0.4213516561770385,0.5571963143803202,0.555452249735177,0.515875838938296
HLM,LightGBM,1.0,2468,2,systematic_bias,0.3,base,0.2556475817945516,0.5277298329902419,0.27849877662790856,0.42380940216202445,0.5501478222004995,0.5467326705446679,0.5117276418277833
HLM,LightGBM,1.0,2468,3,systematic_bias,0.3,base,0.26452040744808647,0.5245750823505091,0.27517901702304337,0.4230944469827422,0.5581418967246629,0.555116950521814,0.5198289452767243
HLM,LightGBM,1.0,2468,4,systematic_bias,0.3,base,0.248693080166005,0.5301893973411389,0.28110079705296004,0.4286490048945804,0.5412494003073427,0.5454739487622533,0.5004432774957365
HLM,LightGBM,1.0,2468,0,systematic_bias,0.5,base,0.23188565584193432,0.5360870073923878,0.287389279494926,0.43345930376074027,0.5619114509061077,0.5579526224000161,0.5117117080957474
HLM,LightGBM,1.0,2468,1,systematic_bias,0.5,base,0.24681857960765252,0.5308503929760292,0.28180213972280466,0.42914748918484247,0.5681245629373244,0.5635767383803929,0.5187500208110943
HLM,LightGBM,1.0,2468,2,systematic_bias,0.5,base,0.21061184667027644,0.5434600774146225,0.2953488557435075,0.4424195539641599,0.551817777304498,0.5479411308670209,0.5047497797837932
HLM,LightGBM,1.0,2468,3,systematic_bias,0.5,base,0.1980677174430372,0.54776110689186,0.30004223022339566,0.4434022967907657,0.5415805538923414,0.539025313454184,0.49272121483139236
HLM,LightGBM,1.0,2468,4,systematic_bias,0.5,base,0.21376857366308588,0.5423723529326436,0.2941677692256921,0.44232531997963853,0.5517950990502114,0.5494337034119529,0.5008748680944091
HLM,LightGBM,1.0,2468,0,systematic_bias,1.0,base,-0.007273086566052633,0.6138976333865536,0.3768703042776113,0.5033681054815435,0.5425237315793764,0.5382143428678996,0.4513924247334447
HLM,LightGBM,1.0,2468,1,systematic_bias,1.0,base,-0.058548245836967716,0.6293288951194602,0.3960548582322806,0.5147409734144676,0.5087019965430827,0.518443695469687,0.42179237115996443
HLM,LightGBM,1.0,2468,2,systematic_bias,1.0,base,-0.07911816113148085,0.6354140958700684,0.4037510732303764,0.523780103613254,0.5088849258165447,0.5077098014987003,0.4202797870704418
HLM,LightGBM,1.0,2468,3,systematic_bias,1.0,base,-0.019857996714074844,0.6177207596493095,0.38157893690171996,0.5084327362383118,0.5279222425753473,0.5236189290497175,0.44242246161926685
HLM,LightGBM,1.0,2468,4,systematic_bias,1.0,base,-0.063286310255811,0.6307357613946232,0.3978276007020551,0.5229324835491571,0.5128059449913632,0.513003914358181,0.4217080237841385
HLM,LightGBM,1.0,2468,0,gross_errors,0.01,base,0.3075413879275888,0.5090017254543185,0.25908275651547347,0.40487333178146523,0.5699134434926307,0.5713712753230862,0.5355512047495447
HLM,LightGBM,1.0,2468,1,gross_errors,0.01,base,0.273613944765849,0.5213220485945597,0.27177667835082847,0.410021014569453,0.5509237385821113,0.5479851707038933,0.5232114890162586
HLM,LightGBM,1.0,2468,2,gross_errors,0.01,base,0.2676832636494456,0.5234459258294535,0.27399563726745374,0.41530498623061074,0.5444396843545428,0.5439785482067808,0.5149235181687878
HLM,LightGBM,1.0,2468,3,gross_errors,0.01,base,0.258517058638445,0.5267116521310741,0.2774251644906456,0.4187733327474711,0.5413026834488518,0.5413165161757689,0.5146572253876216
HLM,LightGBM,1.0,2468,4,gross_errors,0.01,base,0.2665287776274521,0.5238583655501824,0.2744275871569085,0.41730871006406783,0.5417613210138384,0.542818395446298,0.5104839290797963
HLM,LightGBM,1.0,2468,0,gross_errors,0.05,base,0.278692226361996,0.5194965292812493,0.269876643935264,0.4139075125595295,0.5511914243350263,0.5495921234205975,0.5166158897246774
HLM,LightGBM,1.0,2468,1,gross_errors,0.05,base,0.21437563482545252,0.5421629255554973,0.2939406378468957,0.43448149271974756,0.507067656110595,0.49753809031398927,0.47714952327820187
HLM,LightGBM,1.0,2468,2,gross_errors,0.05,base,0.2562804264410471,0.5275054486752739,0.2782619983821021,0.41734686719941133,0.5343049085760322,0.5300645306737524,0.49990254949439994
HLM,LightGBM,1.0,2468,3,gross_errors,0.05,base,0.21598135954335873,0.5416085832148366,0.29333985741198265,0.43737027486855606,0.5134867764245704,0.5114604633327059,0.48381913537152177
HLM,LightGBM,1.0,2468,4,gross_errors,0.05,base,0.2286858534481172,0.5372024596319713,0.28858648263463976,0.4311413620520229,0.5192777070946174,0.5205354206114158,0.4909373721315673
HLM,LightGBM,1.0,2468,0,gross_errors,0.1,base,0.22582865725639067,0.5381965254227531,0.2896554999771241,0.43426075442238987,0.5259626247912943,0.5321980332439211,0.4964235835025383
HLM,LightGBM,1.0,2468,1,gross_errors,0.1,base,0.15262533652829935,0.5630670079925257,0.317044455489655,0.452696960720131,0.4618875007790416,0.45723852876408105,0.4320181485787195
HLM,LightGBM,1.0,2468,2,gross_errors,0.1,base,0.24300254024281975,0.5321934867712403,0.2832299073617304,0.42272248121553624,0.5320930991233337,0.5396561911874086,0.49896291466297726
HLM,LightGBM,1.0,2468,3,gross_errors,0.1,base,0.18098796375643056,0.5535635505046675,0.3064326044473336,0.4520243161163115,0.501435973852261,0.49902022492910786,0.4706272181594011
HLM,LightGBM,1.0,2468,4,gross_errors,0.1,base,0.184643891377261,0.5523266628282745,0.30506474247101845,0.4457445219951067,0.4893835823860336,0.4815364868182959,0.4537976505025852
HLM,LightGBM,1.0,2468,0,gross_errors,0.2,base,0.06965468324815993,0.5899897029145368,0.3480878495451834,0.4729633559934549,0.4344966628976434,0.4405833206140917,0.40429775390680006
HLM,LightGBM,1.0,2468,1,gross_errors,0.2,base,0.06916668494637679,0.5901444176331458,0.3482704336635648,0.4771436232944892,0.4189522886921887,0.41409296024290426,0.3876915501576965
HLM,LightGBM,1.0,2468,2,gross_errors,0.2,base,0.0940123155872733,0.5822151352192578,0.3389744636783787,0.4629111123661372,0.4658669514684729,0.4615771854078416,0.43714109920134153
HLM,LightGBM,1.0,2468,3,gross_errors,0.2,base,0.07911454852177346,0.5869824951421132,0.344548449603261,0.4697254205866209,0.44070097884796017,0.4528490964765241,0.4051761984780537
HLM,LightGBM,1.0,2468,4,gross_errors,0.2,base,0.05136450645247659,0.5957609440610879,0.3549311024685588,0.4833758858063717,0.42379395230604233,0.43149874809954386,0.391143760577449
HLM,FCNN,1.0,2468,0,gaussian,0.1,base,0.15462270333652628,0.562403007215262,0.3162971425247701,0.42582369941931175,0.5169864269201726,0.5319296550436223,0.46940219464286376
HLM,FCNN,1.0,2468,1,gaussian,0.1,base,0.15770931500035523,0.5613753553489667,0.3151422895931786,0.425074303262402,0.5185509264323693,0.5317922651497248,0.46883373283690727
HLM,FCNN,1.0,2468,2,gaussian,0.1,base,0.12161615653839442,0.5732769939808839,0.32864651182775845,0.43288498773241507,0.5090692116014879,0.5288800827318073,0.4476292952591086
HLM,FCNN,1.0,2468,3,gaussian,0.1,base,0.16126347594353196,0.5601897031597877,0.31381250352625106,0.4293153683177121,0.5114059051346975,0.5269101162984429,0.4561431101867297
HLM,FCNN,1.0,2468,4,gaussian,0.1,base,0.14526576955283943,0.5655068794841122,0.3197980307438581,0.42891612305572047,0.5146546238979102,0.5362693143456655,0.4546060109196046
HLM,FCNN,1.0,2468,0,gaussian,0.3,base,0.12319935465251697,0.5727601240493725,0.3280541597010525,0.42997324829049716,0.5197287444731791,0.5337136412201652,0.457314232408664
HLM,FCNN,1.0,2468,1,gaussian,0.3,base,0.13475857322174112,0.5689721334505302,0.32372928864324796,0.42649766317299037,0.5081804816066703,0.5200261730406218,0.4649673793314212
HLM,FCNN,1.0,2468,2,gaussian,0.3,base,0.10632742071878853,0.5782445662126741,0.3343667783544836,0.431740434647773,0.5057350743647504,0.5195031196365527,0.46837010045470445
HLM,FCNN,1.0,2468,3,gaussian,0.3,base,0.12806680667442394,0.5711681074586581,0.3262330069779052,0.43719858758144314,0.4942491619454559,0.5095958788557572,0.4498284841398062
HLM,FCNN,1.0,2468,4,gaussian,0.3,base,0.131330945677413,0.5700980024124798,0.32501173235469977,0.42862905535782503,0.5109637954716735,0.5402022800227899,0.46344726102053474
HLM,FCNN,1.0,2468,0,gaussian,0.5,base,0.13820761259312797,0.5678369781163265,0.3224388337162814,0.42702502977848983,0.520192671843818,0.5213542839180271,0.4998119470603927
HLM,FCNN,1.0,2468,1,gaussian,0.5,base,0.11387339833098586,0.5757981050081713,0.3315434577310011,0.42984005297241085,0.4925549932332691,0.5013844674501993,0.4619682204032453
HLM,FCNN,1.0,2468,2,gaussian,0.5,base,0.04846384495854594,0.5966710838595395,0.35601638231411764,0.4400282461175024,0.4913125071871001,0.5012981617103389,0.4710783559679622
HLM,FCNN,1.0,2468,3,gaussian,0.5,base,0.09189751416189473,0.5828942568750248,0.33976571469788747,0.4506264348239775,0.47257807813495106,0.4843748067427313,0.4613518746873096
HLM,FCNN,1.0,2468,4,gaussian,0.5,base,0.11472884406412087,0.5755201069399549,0.3312233934921771,0.4277008693387609,0.5081504588473631,0.5353634254419652,0.4692860955718141
HLM,FCNN,1.0,2468,0,gaussian,1.0,base,-0.1046850166943436,0.6428972615127713,0.41331688886062057,0.49343737360805523,0.48161964570426635,0.4806182575049641,0.4657651633093083
HLM,FCNN,1.0,2468,1,gaussian,1.0,base,-0.28559237488466227,0.6935439506649468,0.48100321150394215,0.5322363174086697,0.41309121639419516,0.4138133214188168,0.3929808790002881
HLM,FCNN,1.0,2468,2,gaussian,1.0,base,-0.27731663623192837,0.6913080727537065,0.477906851454444,0.5238367367333717,0.41651549345333977,0.4316115085925518,0.4011233210020408
HLM,FCNN,1.0,2468,3,gaussian,1.0,base,-0.21813723043155586,0.6751036445528228,0.4557649308885041,0.5194797102227195,0.37350143627519955,0.3860580433512122,0.37330314144247945
HLM,FCNN,1.0,2468,4,gaussian,1.0,base,-0.3264550842371432,0.7044799194035858,0.4962919568428828,0.5192734073539721,0.4592121653822254,0.4839862638036458,0.45007878184633415
HLM,FCNN,1.0,2468,0,systematic_bias,0.1,base,0.1802522140065108,0.5538121383136061,0.3067078845434888,0.4262358197570233,0.5110485364319979,0.5278599679114554,0.46988244696807047
HLM,FCNN,1.0,2468,1,systematic_bias,0.1,base,0.1733460887097491,0.5561400947677112,0.3092918050082388,0.4264089537498079,0.5128704611327864,0.5300376131552436,0.46532393395595395
HLM,FCNN,1.0,2468,2,systematic_bias,0.1,base,0.17055275891660726,0.5570789233098778,0.3103369267960927,0.425788891453956,0.5155052784979997,0.530624039704608,0.4711722462289442
HLM,FCNN,1.0,2468,3,systematic_bias,0.1,base,0.17891644690673647,0.5542631690654088,0.30720766058242993,0.4262515018716523,0.5144992310148402,0.5330012139466258,0.4679933405471123
HLM,FCNN,1.0,2468,4,systematic_bias,0.1,base,0.17671867984831535,0.555004462250239,0.30802995311767695,0.42520620712122253,0.5134523863785128,0.5297981577900187,0.4725224799370283
HLM,FCNN,1.0,2468,0,systematic_bias,0.3,base,0.19078901468747422,0.5502413563189043,0.3027655502036674,0.4282591023970175,0.5033169666528913,0.5219030979272021,0.46250626517567894
HLM,FCNN,1.0,2468,1,systematic_bias,0.3,base,0.2098294758419078,0.5437293251918031,0.29564157907353356,0.42370673434506273,0.5152651273201232,0.5272149758347148,0.485286771486366
HLM,FCNN,1.0,2468,2,systematic_bias,0.3,base,0.20043204725550134,0.5469530312431135,0.2991576183860302,0.4248466698242051,0.5112256517030739,0.522577347058444,0.4722556247705981
HLM,FCNN,1.0,2468,3,systematic_bias,0.3,base,0.2204144324730034,0.5400752051603596,0.29168122722900447,0.42282473471234766,0.5199949532958111,0.535620080253114,0.4776988307718839
HLM,FCNN,1.0,2468,4,systematic_bias,0.3,base,0.2035619173244595,0.545881470982223,0.29798658036171555,0.42709061556097605,0.507440009183177,0.5231302745374962,0.4785187288333655
HLM,FCNN,1.0,2468,0,systematic_bias,0.5,base,0.20561188381988293,0.5451784912044529,0.29721958727196374,0.4288832854510928,0.5027968918999275,0.5184695332023531,0.470022723465457
HLM,FCNN,1.0,2468,1,systematic_bias,0.5,base,0.2120673035032722,0.5429588362853368,0.29480429790032714,0.43194839882182146,0.5109286696836153,0.5203347861181566,0.48686404937364275
HLM,FCNN,1.0,2468,2,systematic_bias,0.5,base,0.20615978893160547,0.5449904486093522,0.29701458907542294,0.42916454074330007,0.5094950091649205,0.5107691433014736,0.4850832907553252
HLM,FCNN,1.0,2468,3,systematic_bias,0.5,base,0.24510424749763893,0.5314541894784187,0.28244355551416295,0.42257461559195664,0.5252588665815374,0.5392525055373377,0.4884827454278304
HLM,FCNN,1.0,2468,4,systematic_bias,0.5,base,0.19182312692559178,0.5498896598913083,0.3023786380553788,0.4371951269920313,0.4988911485495063,0.5142920217410307,0.47641913413515474
HLM,FCNN,1.0,2468,0,systematic_bias,1.0,base,0.13924547108080587,0.5674949514419889,0.3220505199121454,0.45396037101262293,0.48339797423528413,0.498778944211625,0.46251086663679714
HLM,FCNN,1.0,2468,1,systematic_bias,1.0,base,0.021679741315538403,0.6050104380921734,0.3660376302004836,0.49032428014684276,0.4920565653947687,0.4920994918250729,0.4527458288807348
HLM,FCNN,1.0,2468,2,systematic_bias,1.0,base,0.003434678801855884,0.6106259113864243,0.3728640036565013,0.48673936529858286,0.49146684531158846,0.47503749325130334,0.47771493675893667
HLM,FCNN,1.0,2468,3,systematic_bias,1.0,base,0.21200293844393991,0.5429810125855418,0.2948283800284202,0.44604635875227233,0.5134288648900311,0.5189123548301802,0.47642012641614034
HLM,FCNN,1.0,2468,4,systematic_bias,1.0,base,-0.033082861815401765,0.6217129627781828,0.38652700808642604,0.5081854248418962,0.46556603412671604,0.4865473101491731,0.42648761033884486
HLM,FCNN,1.0,2468,0,gross_errors,0.01,base,0.16002797841527827,0.5606021439458604,0.3142747637966952,0.42887222721273305,0.5137030963731204,0.5230674155759357,0.462799781349354
HLM,FCNN,1.0,2468,1,gross_errors,0.01,base,0.12762608686042942,0.5713124380698467,0.3263979018933124,0.43697295854162943,0.5021097622424514,0.521971098726109,0.4294243027590375
HLM,FCNN,1.0,2468,2,gross_errors,0.01,base,0.13382713451116002,0.5692783024014657,0.3240777855850946,0.4328391689509852,0.5126898318602187,0.5276404371659481,0.4433865461744904
HLM,FCNN,1.0,2468,3,gross_errors,0.01,base,0.14054879729031655,0.567065147582385,0.32156288160263213,0.43106798693596426,0.5064992108103977,0.5196049537251994,0.47749138283343184
HLM,FCNN,1.0,2468,4,gross_errors,0.01,base,0.13146062353190302,0.5700554477452356,0.3249632135040211,0.43123209287553316,0.49402596502692103,0.5122862167013614,0.46206332435199393
HLM,FCNN,1.0,2468,0,gross_errors,0.05,base,0.1476165439250362,0.564728687656359,0.31891849066207345,0.43235771911325427,0.49632364153400677,0.5047130101472468,0.4692007762970904
HLM,FCNN,1.0,2468,1,gross_errors,0.05,base,0.11678880007671366,0.5748501220611429,0.33045266283371094,0.4458691778456741,0.4706220517145038,0.5072818977947274,0.4124108078204436
HLM,FCNN,1.0,2468,2,gross_errors,0.05,base,0.11970944154443508,0.5738988652186273,0.32935990749922817,0.4414971561434724,0.47785111947748027,0.4895946457617424,0.4267267561700332
HLM,FCNN,1.0,2468,3,gross_errors,0.05,base,0.1342898665597262,0.5691262204575103,0.32390465481225056,0.44187845937403586,0.4683082111308609,0.49061895117953175,0.4397081007915827
HLM,FCNN,1.0,2468,4,gross_errors,0.05,base,0.0590924385860504,0.5933293383335131,0.3520397037272844,0.4550246925647082,0.4569601948839279,0.485956538747251,0.4503507745862507
HLM,FCNN,1.0,2468,0,gross_errors,0.1,base,0.12358794315611954,0.5726331894570547,0.327908769667759,0.44496828593503474,0.4774616867604269,0.48862929150913026,0.46376067861640613
HLM,FCNN,1.0,2468,1,gross_errors,0.1,base,0.08238999033652772,0.5859376639569853,0.343322946043369,0.4681504876439239,0.4102936835662616,0.4398828224031961,0.3793615532574092
HLM,FCNN,1.0,2468,2,gross_errors,0.1,base,0.13357438978485903,0.569361352563842,0.32417234979332765,0.44895525525987495,0.4573053975973633,0.4644263546090781,0.423820604929011
HLM,FCNN,1.0,2468,3,gross_errors,0.1,base,0.07187984597989328,0.5892837236372794,0.34725530694381757,0.4510338580504297,0.44198917181407354,0.47645599159137414,0.4300179497197818
HLM,FCNN,1.0,2468,4,gross_errors,0.1,base,-0.025547175908460007,0.6194413112596334,0.38370753809505403,0.48100000681789484,0.411784999106457,0.4581906942038994,0.4053225085609363
HLM,FCNN,1.0,2468,0,gross_errors,0.2,base,-0.03608142491178001,0.6226145820064114,0.3876489177270184,0.48808871194324055,0.44333162220143557,0.4541687233223077,0.431244213160029
HLM,FCNN,1.0,2468,1,gross_errors,0.2,base,0.03406348503712242,0.6011690808839706,0.36140426381087803,0.480851273107825,0.3837612852449966,0.4031308458212946,0.36049151638335075
HLM,FCNN,1.0,2468,2,gross_errors,0.2,base,0.038129903439732216,0.5999023396219733,0.3598828170839173,0.46576408119665846,0.3920046544963679,0.418166606589828,0.3682039487534051
HLM,FCNN,1.0,2468,3,gross_errors,0.2,base,-0.06844143258789992,0.6322629081392551,0.3997563850087082,0.4793583584962308,0.41447528672047923,0.4558247548764837,0.4032759020202229
HLM,FCNN,1.0,2468,4,gross_errors,0.2,base,-0.17635673753341075,0.6634250505333545,0.44013279767518404,0.5138436168018514,0.3452580144853438,0.3939020704783651,0.3364486209538621
SOL,RF,1.0,1737,0,gaussian,0.1,base,0.19091774736850964,0.6071985342236031,0.3686900599632921,0.43114829530040893,0.43884479231940016,0.41827789331208204,0.3414649509714362
SOL,RF,1.0,1737,1,gaussian,0.1,base,0.19373756261352237,0.606139505853255,0.36740510055602815,0.4306141863886147,0.4412169033734942,0.4139828115826604,0.3405072712382599
SOL,RF,1.0,1737,2,gaussian,0.1,base,0.195497927552144,0.6054774324709845,0.36660292123165567,0.4313721953613016,0.4428478413571443,0.4163763303048451,0.33947085557875656
SOL,RF,1.0,1737,3,gaussian,0.1,base,0.18414294348964522,0.6097354057728868,0.37177726505302694,0.43388991574209884,0.43123475123373917,0.40963714202301593,0.33325180007515237
SOL,RF,1.0,1737,4,gaussian,0.1,base,0.1960609167407954,0.6052655393526596,0.36634637312786594,0.43094638497163346,0.44387117332358594,0.412209832051667,0.34339627969822817
SOL,RF,1.0,1737,0,gaussian,0.3,base,0.18702318468810875,0.6086581718749993,0.3704647701902162,0.4339741269746849,0.4359109110119727,0.426253494816158,0.34295069485434265
SOL,RF,1.0,1737,1,gaussian,0.3,base,0.20131416345670572,0.6032847795474976,0.3639525252336728,0.4264273044790694,0.4492001897272771,0.43277196270906115,0.3450308870763272
SOL,RF,1.0,1737,2,gaussian,0.3,base,0.19132189318064474,0.607046863984751,0.3685058950737208,0.43194649866152474,0.4385825802808448,0.41271651217829347,0.3375172277307171
SOL,RF,1.0,1737,3,gaussian,0.3,base,0.1683377469946078,0.6156131274615722,0.3789795227030178,0.43843893691058466,0.4150939829892276,0.39776204979041047,0.3228288677944972
SOL,RF,1.0,1737,4,gaussian,0.3,base,0.20007373809485707,0.6037530734483086,0.3645177736982788,0.4288246353738874,0.4477417400631476,0.4097187094322656,0.34356707786965635
SOL,RF,1.0,1737,0,gaussian,0.5,base,0.1813882158532909,0.610763918988935,0.37303256473872237,0.4385126541653701,0.43227893068556306,0.42419914781447293,0.3454812808678839
SOL,RF,1.0,1737,1,gaussian,0.5,base,0.20164344061471395,0.6031604075058661,0.36380247718264247,0.42596346842025046,0.45083432011768,0.42784861511697325,0.35291610492178027
SOL,RF,1.0,1737,2,gaussian,0.5,base,0.19060905937375672,0.60731435497162,0.3688307257545949,0.43126819745737704,0.43833837158712236,0.40585763338172964,0.34058134682116353
SOL,RF,1.0,1737,3,gaussian,0.5,base,0.1582612120210155,0.6193313257516443,0.3835712910572893,0.4426483653981457,0.4059132964197453,0.39563779827981527,0.3192306183514417
SOL,RF,1.0,1737,4,gaussian,0.5,base,0.20900760678967956,0.6003721396337245,0.36044670604837636,0.4254431325122063,0.4576831880303533,0.4240250790269051,0.3536551939435893
SOL,RF,1.0,1737,0,gaussian,1.0,base,0.1312087312043887,0.6292049069403458,0.39589881491780926,0.4619016164124694,0.39773739903443905,0.392554419002546,0.3369653800672949
SOL,RF,1.0,1737,1,gaussian,1.0,base,0.18117489418159582,0.610843493150851,0.37312977312473367,0.43584891714360097,0.443640047897555,0.41436316791998407,0.3779328923788483
SOL,RF,1.0,1737,2,gaussian,1.0,base,0.14647803897445422,0.6236511492673403,0.38894075598247435,0.4485534811795062,0.400803999739721,0.3695611567693721,0.32769739252769464
SOL,RF,1.0,1737,3,gaussian,1.0,base,0.0869921136234666,0.6450177136006002,0.41604785085854595,0.47076237588162606,0.3551782507584325,0.3594104972450967,0.3001499880504288
SOL,RF,1.0,1737,4,gaussian,1.0,base,0.18520813089110044,0.6093372388405006,0.3712918706377653,0.43432315125717225,0.4406866871340913,0.3970589955793169,0.3634641740391061
SOL,RF,1.0,1737,0,systematic_bias,0.1,base,0.19245091786690427,0.6066229559586345,0.36799141069599134,0.4220740827600222,0.44178373933595977,0.41276104987896506,0.34088726566612965
SOL,RF,1.0,1737,1,systematic_bias,0.1,base,0.1904939832946193,0.6073575262423646,0.3688831646832446,0.42123761316563146,0.4396870481374845,0.4170489151888017,0.3388814054732589
SOL,RF,1.0,1737,2,systematic_bias,0.1,base,0.18678330126652898,0.6087479630185983,0.3705740824792928,0.421108118463991,0.43629997502229423,0.4087604563831172,0.3374557059333902
SOL,RF,1.0,1737,3,systematic_bias,0.1,base,0.1933919725724783,0.6062693973902954,0.3675625822119919,0.42109754583150194,0.4423902250754157,0.41232544055128284,0.3404583702417594
SOL,RF,1.0,1737,4,systematic_bias,0.1,base,0.19388738317699916,0.6060831864855175,0.3673368289404386,0.42025165792897407,0.44313127968170707,0.41540947586669613,0.3420272151391831
SOL,RF,1.0,1737,0,systematic_bias,0.3,base,0.17059891879809785,0.6147756754210659,0.37794913108942774,0.40780817399327546,0.4386812660836638,0.4092039381685287,0.33421969727562634
SOL,RF,1.0,1737,1,systematic_bias,0.3,base,0.1735165408482302,0.6136934105687523,0.37661960217550716,0.4042174991984128,0.44092749831387046,0.42885373844686125,0.3335267501550561
SOL,RF,1.0,1737,2,systematic_bias,0.3,base,0.16769462653384604,0.6158511068136748,0.3792725857636284,0.40433899714479477,0.4380800530629034,0.4120545696908967,0.3313323744449761
SOL,RF,1.0,1737,3,systematic_bias,0.3,base,0.1665359893977213,0.6162796152847466,0.3798005642155153,0.41015621119878487,0.4323740606731351,0.40001750892982574,0.3268605104632684
SOL,RF,1.0,1737,4,systematic_bias,0.3,base,0.17684054140159045,0.6124580728170333,0.37510489095875454,0.40859012385099597,0.44370079716486877,0.40963473654982085,0.3387654499172515
SOL,RF,1.0,1737,0,systematic_bias,0.5,base,0.12399639873334434,0.6318112036598342,0.3991853970700885,0.4100493117659434,0.43266843612969547,0.40125975360224236,0.3228628335586935
SOL,RF,1.0,1737,1,systematic_bias,0.5,base,0.14091226586660222,0.6256812437529098,0.3914770187841881,0.40080603195965664,0.44597065550371306,0.4395434426462055,0.3258388910717322
SOL,RF,1.0,1737,2,systematic_bias,0.5,base,0.11872228801150542,0.6337103064230946,0.40158875246685244,0.40924178369483716,0.43265745623624124,0.40776991167865356,0.31464710029331444
SOL,RF,1.0,1737,3,systematic_bias,0.5,base,0.13409311999107254,0.6281595577906626,0.39458443004376076,0.4070613524430243,0.4384308982369955,0.40095491454461735,0.3245266257152039
SOL,RF,1.0,1737,4,systematic_bias,0.5,base,0.13702491072627365,0.6270952436534695,0.3932484446128043,0.41021181328645334,0.4435240480720115,0.4088063790532042,0.32901374140692463
SOL,RF,1.0,1737,0,systematic_bias,1.0,base,-0.07823131110449855,0.7009553368546154,0.4913383842649674,0.47089964709612064,0.4253812837872998,0.38852517850773904,0.28243712192692755
SOL,RF,1.0,1737,1,systematic_bias,1.0,base,-0.04340356765919973,0.6895417007318553,0.4754677570481795,0.4501780069097409,0.4410538200333008,0.4419513942075603,0.2863819599201309
SOL,RF,1.0,1737,2,systematic_bias,1.0,base,-0.07895445935112999,0.7011903558412897,0.4916679151248346,0.4693464458254944,0.44135915397818015,0.399110426855917,0.2785309908757437
SOL,RF,1.0,1737,3,systematic_bias,1.0,base,-0.0742218069565086,0.6996508389549927,0.48951129645042507,0.46443705054605644,0.4216310242119774,0.3824595956136462,0.2758180687636758
SOL,RF,1.0,1737,4,systematic_bias,1.0,base,-0.06686844947114134,0.697252071147503,0.48616045071948255,0.46875200363476316,0.43506387725588913,0.397573256591164,0.28833679752450814
SOL,RF,1.0,1737,0,gross_errors,0.01,base,0.19710202773183083,0.6048734992320868,0.36587195007326934,0.43226339887003545,0.44519187536945354,0.4170250062431056,0.3437577537079732
SOL,RF,1.0,1737,1,gross_errors,0.01,base,0.1962727458477469,0.6051857936927446,0.3662498448875172,0.43456496920597654,0.44444628073925146,0.4168935070417771,0.3440594930476354
SOL,RF,1.0,1737,2,gross_errors,0.01,base,0.18636945729447407,0.6089028384855711,0.37076266671578556,0.436737443153823,0.4351865721047872,0.3976236986351325,0.34147120821485244
SOL,RF,1.0,1737,3,gross_errors,0.01,base,0.19812117624289383,0.6044894830218496,0.36540753508402296,0.43344422758757134,0.4457477599666248,0.4173759137570719,0.3392485791773612
SOL,RF,1.0,1737,4,gross_errors,0.01,base,0.18838260699399467,0.6081490739128816,0.36984529610109557,0.43621750420852706,0.4369077688533569,0.409771411163175,0.34126813245966814
SOL,RF,1.0,1737,0,gross_errors,0.05,base,0.17332068941441958,0.6137661195947997,0.37670884956245787,0.4449000185041884,0.42467633702524804,0.42342312758313,0.3364063105358891
SOL,RF,1.0,1737,1,gross_errors,0.05,base,0.1903977626180614,0.6073936214747528,0.3689270114082153,0.4491306810390692,0.4417405199430394,0.409804796215397,0.3364554648908965
SOL,RF,1.0,1737,2,gross_errors,0.05,base,0.14629990931063208,0.6237162237347176,0.3890219277498963,0.458601943859877,0.39850073365623095,0.37827086495669576,0.31367585697451233
SOL,RF,1.0,1737,3,gross_errors,0.05,base,0.17483849446824895,0.6132024153267774,0.3760172021625936,0.44952995842397003,0.42409470028310825,0.39994716706215283,0.32214614768807637
SOL,RF,1.0,1737,4,gross_errors,0.05,base,0.18943434268485426,0.6077549107044155,0.369366031485332,0.4493185017905523,0.4406318252610753,0.41582460222565715,0.33049476352850826
SOL,RF,1.0,1737,0,gross_errors,0.1,base,0.1466227537669894,0.6235982769473137,0.38887481101165855,0.46809855439879205,0.4090289576023423,0.3906506692014954,0.3265787953061336
SOL,RF,1.0,1737,1,gross_errors,0.1,base,0.1616924018014696,0.6180677429419339,0.3820077348653365,0.471336816841381,0.4203039533098381,0.38061459767305605,0.31725272021611006
SOL,RF,1.0,1737,2,gross_errors,0.1,base,0.14343312397431796,0.6247625876454117,0.39032829092139076,0.4722336770801309,0.4049141498800161,0.38712737990204366,0.31287638446018534
SOL,RF,1.0,1737,3,gross_errors,0.1,base,0.15491980637278324,0.6205593715255086,0.3850939335881341,0.46960659323092563,0.4124540863016789,0.41454022532576384,0.3112065369389272
SOL,RF,1.0,1737,4,gross_errors,0.1,base,0.17909157222469851,0.6116200785459848,0.3740791204805966,0.4694606818306147,0.441655790625556,0.40699126729473417,0.32902289443799865
SOL,RF,1.0,1737,0,gross_errors,0.2,base,0.09602292988243766,0.6418197607185635,0.4119326052488341,0.50483932904301,0.3816901975548678,0.370865579279224,0.29157888471761056
SOL,RF,1.0,1737,1,gross_errors,0.2,base,0.09862560649556129,0.640895150219747,0.410746593575192,0.511573026693529,0.3918688824891395,0.3169106697283853,0.29206534054029026
SOL,RF,1.0,1737,2,gross_errors,0.2,base,0.0791954142037764,0.6477659474913566,0.41960072272937493,0.5149255228681227,0.368147525993112,0.34373271635678004,0.26659147094188335
SOL,RF,1.0,1737,3,gross_errors,0.2,base,0.0816972518173833,0.6468853548355278,0.4184606623006866,0.5132640636768697,0.37248893968337426,0.3857464196087135,0.2695979432775555
SOL,RF,1.0,1737,4,gross_errors,0.2,base,0.1536651717792431,0.6210198523770677,0.38566565704643496,0.49909254937281033,0.44673130180160747,0.4001213816359748,0.3092140274714237
SOL,LightGBM,1.0,1737,0,gaussian,0.1,base,0.19150305678451496,0.6069788635302941,0.3684233407725273,0.4357217231174049,0.47836132221966193,0.4284759333689869,0.44275728177208323
SOL,LightGBM,1.0,1737,1,gaussian,0.1,base,0.21180999609961038,0.5993076734465057,0.35916968745186356,0.4300085961241518,0.49007611786680666,0.41770262075283354,0.4501917872743631
SOL,LightGBM,1.0,1737,2,gaussian,0.1,base,0.20046437856541877,0.6036056353673845,0.364339763047264,0.43275756933227466,0.482222671258876,0.4359948594316423,0.44367534846069795
SOL,LightGBM,1.0,1737,3,gaussian,0.1,base,0.20947113553592311,0.6001962020838918,0.36023548099592784,0.43231195230250585,0.4915979891955938,0.43979251846158207,0.4547393736308505
SOL,LightGBM,1.0,1737,4,gaussian,0.1,base,0.19772573760291645,0.6046385136667299,0.36558773220911234,0.4342421559130477,0.4767418974809309,0.4430109687034087,0.43502682230646067
SOL,LightGBM,1.0,1737,0,gaussian,0.3,base,0.1758184520645103,0.6128381891255738,0.3755706460507125,0.4518134756675803,0.4735442415515406,0.41307667711940427,0.4433944579077959
SOL,LightGBM,1.0,1737,1,gaussian,0.3,base,0.20947796362873305,0.6001936100190061,0.36023236950764675,0.4408199101587624,0.49712320019141193,0.44955086717568576,0.46451549157074684
SOL,LightGBM,1.0,1737,2,gaussian,0.3,base,0.17504797533356187,0.6131245746099594,0.3759217439906436,0.440189143667853,0.470623749376645,0.4312675943515131,0.43908105019404853
SOL,LightGBM,1.0,1737,3,gaussian,0.3,base,0.18016185286206676,0.6112212407407309,0.37359140513263855,0.44175980424640054,0.473235736652637,0.42502109071590294,0.4406875883340377
SOL,LightGBM,1.0,1737,4,gaussian,0.3,base,0.22591706735297246,0.5939202363679327,0.35274124716734107,0.4296314781394111,0.5112240706712387,0.4479593186380995,0.4797360782672165
SOL,LightGBM,1.0,1737,0,gaussian,0.5,base,0.09301911784070716,0.6428852230474178,0.41330141001272813,0.47977534041169967,0.4346972155320286,0.3868250192107407,0.4162506084370596
SOL,LightGBM,1.0,1737,1,gaussian,0.5,base,0.1998005115548266,0.6038561750011071,0.36464228008696775,0.45284859661538507,0.5032791969861278,0.4367322463056105,0.47999481294778473
SOL,LightGBM,1.0,1737,2,gaussian,0.5,base,0.1015291945793021,0.6398620630952101,0.4094234597884586,0.47171725283957033,0.4310316652476322,0.3917579886956088,0.4089041885235533
SOL,LightGBM,1.0,1737,3,gaussian,0.5,base,0.13641797347876494,0.6273157254311578,0.3935250193732197,0.45803704188843275,0.4582402802267578,0.41693542058987243,0.43631865030663747
SOL,LightGBM,1.0,1737,4,gaussian,0.5,base,0.1997475549855945,0.6038761560325528,0.36466641182465215,0.45112679001445816,0.4984776967719321,0.43399277680210385,0.4706359457987439
SOL,LightGBM,1.0,1737,0,gaussian,1.0,base,-0.14136573530587038,0.7211851778381135,0.5201080607333914,0.5595520285827269,0.37608297038150523,0.3324801314297983,0.37431002790141016
SOL,LightGBM,1.0,1737,1,gaussian,1.0,base,0.0568983499667185,0.6555617854343107,0.4297612545218211,0.5111178606855307,0.4756753211978725,0.4234737883064799,0.4721349850871349
SOL,LightGBM,1.0,1737,2,gaussian,1.0,base,-0.144945849479728,0.7223153606049734,0.5217394801658928,0.5422799355779139,0.3706544727382078,0.341469603439017,0.3682020049953583
SOL,LightGBM,1.0,1737,3,gaussian,1.0,base,-0.119676393737838,0.7142999801270321,0.5102244616094784,0.5391667406880293,0.38296308817745817,0.3469206972714697,0.3807787084069437
SOL,LightGBM,1.0,1737,4,gaussian,1.0,base,-0.0170408971874354,0.6807749792149386,0.46345457232510007,0.5161355142085136,0.43622575781724904,0.36039280502619553,0.43039731938979586
SOL,LightGBM,1.0,1737,0,systematic_bias,0.1,base,0.19082696018483025,0.6072326001658142,0.36873143070413555,0.4318518502622449,0.4783897208642798,0.4213837965656321,0.4368231007539377
SOL,LightGBM,1.0,1737,1,systematic_bias,0.1,base,0.1993094901820992,0.6040414168191716,0.36486603323291217,0.43393422735002696,0.4876336838350274,0.43368006528674957,0.4507042889440968
SOL,LightGBM,1.0,1737,2,systematic_bias,0.1,base,0.2017835572667177,0.6031074759401471,0.3637386275348951,0.4278603119112714,0.48760518022729976,0.43888755028835985,0.4486724870672394
SOL,LightGBM,1.0,1737,3,systematic_bias,0.1,base,0.20441647167943822,0.6021119803009775,0.36253883682196464,0.4269414280536801,0.48776335273050464,0.42955380403974297,0.44763906855537194
SOL,LightGBM,1.0,1737,4,systematic_bias,0.1,base,0.19456476142200796,0.6058284864356193,0.3670281549768733,0.43437822903642886,0.47788865188236457,0.4238809693145845,0.43689001734288546
SOL,LightGBM,1.0,1737,0,systematic_bias,0.3,base,0.1663678671089187,0.6163417686073437,0.3798771757300284,0.43233863383533566,0.47526111511780406,0.4057827721401751,0.43301692833178973
SOL,LightGBM,1.0,1737,1,systematic_bias,0.3,base,0.20097743630620535,0.6034119390316741,0.36410596816596486,0.42577221347850164,0.5051645137667489,0.4531831317001852,0.4653023998382507
SOL,LightGBM,1.0,1737,2,systematic_bias,0.3,base,0.17021604250704658,0.6149175584479141,0.3781236036875438,0.43370817674635037,0.4804714041663949,0.4286190954706549,0.4343826151774783
SOL,LightGBM,1.0,1737,3,systematic_bias,0.3,base,0.21342844984451415,0.5986920540048539,0.3584321755285509,0.42790818530081104,0.5131142714376482,0.44364754438256687,0.4640503281900619
SOL,LightGBM,1.0,1737,4,systematic_bias,0.3,base,0.1480379227301677,0.6230810009716263,0.38822993377180387,0.440348729787118,0.4645136720777055,0.43443582122875257,0.4255788422129021
SOL,LightGBM,1.0,1737,0,systematic_bias,0.5,base,0.08363609771211067,0.6462020977440307,0.4175771511287858,0.46199503962478566,0.45721993990412074,0.3886505546863892,0.4084035018351658
SOL,LightGBM,1.0,1737,1,systematic_bias,0.5,base,0.12542769671808596,0.6312948360385908,0.3985331700089913,0.44471224859712116,0.48521929364158733,0.44226942692119453,0.4353627238033652
SOL,LightGBM,1.0,1737,2,systematic_bias,0.5,base,0.14201225384670302,0.6252805499297224,0.390975766120416,0.44557046669168954,0.4957385591017639,0.4263701238195536,0.44095355221458504
SOL,LightGBM,1.0,1737,3,systematic_bias,0.5,base,0.14452168493831263,0.6243654742421827,0.3898322454256657,0.44163720411165036,0.496091321643824,0.43454763928575807,0.43825639801327626
SOL,LightGBM,1.0,1737,4,systematic_bias,0.5,base,0.09316249295504375,0.6428344075411836,0.4132360755188246,0.45779516884689375,0.46020790034814174,0.4063328965705664,0.41153533127201414
SOL,LightGBM,1.0,1737,0,systematic_bias,1.0,base,-0.11914978090488093,0.7141319834728116,0.5099844898188121,0.5236620311779692,0.45430101339387896,0.3770367843145169,0.3741992036530506
SOL,LightGBM,1.0,1737,1,systematic_bias,1.0,base,-0.13162287823405983,0.718100512325151,0.5156683458016443,0.5307059649800692,0.45809055120990777,0.4263602103542649,0.3773100157592826
SOL,LightGBM,1.0,1737,2,systematic_bias,1.0,base,-0.11524483926805429,0.7128850187886813,0.5082050500133384,0.5229303961753188,0.4635114538459698,0.4031890888909129,0.37326413624284666
SOL,LightGBM,1.0,1737,3,systematic_bias,1.0,base,-0.11601453612877988,0.7131309785550033,0.5085557925748165,0.5221369063533737,0.4734051796153854,0.4109129904270359,0.3764758295864037
SOL,LightGBM,1.0,1737,4,systematic_bias,1.0,base,-0.18256568046672217,0.7340861199985121,0.53888243157447,0.5421157752977711,0.43293426797879325,0.3685918968580281,0.3560029757103948
SOL,LightGBM,1.0,1737,0,gross_errors,0.01,base,0.2010461375801773,0.6033859972986373,0.3640746617360711,0.43183767630859937,0.4824636252943193,0.45093816917107554,0.4437620595221125
SOL,LightGBM,1.0,1737,1,gross_errors,0.01,base,0.20746989185797848,0.6009554277689338,0.3611474261649423,0.4360541651167898,0.4910116601534401,0.4367036721997786,0.45509963859259445
SOL,LightGBM,1.0,1737,2,gross_errors,0.01,base,0.19170206364327302,0.6069041567599007,0.3683326554924461,0.4396927514816649,0.4748782542566671,0.4230789262368589,0.43611607812032277
SOL,LightGBM,1.0,1737,3,gross_errors,0.01,base,0.20444877935347838,0.602099754661308,0.3625241145632074,0.44034551202298816,0.48354071090233847,0.42434529853435293,0.4429077488614874
SOL,LightGBM,1.0,1737,4,gross_errors,0.01,base,0.19292779743391264,0.6064438158794704,0.36777410181845294,0.43734750136394546,0.4812296459442572,0.43675856072450164,0.44699991896093216
SOL,LightGBM,1.0,1737,0,gross_errors,0.05,base,0.13271409152097446,0.6286595568752157,0.3952128384505425,0.45211276673885104,0.4497057208663697,0.4363642817998976,0.42410787636858854
SOL,LightGBM,1.0,1737,1,gross_errors,0.05,base,0.20129855056628954,0.603290676091978,0.36395963985951585,0.4649773267328856,0.49214299543858875,0.42296761843174335,0.45573567598652115
SOL,LightGBM,1.0,1737,2,gross_errors,0.05,base,0.1868939722211519,0.6087065392439887,0.3705236509183935,0.44440156518657586,0.4792707662676583,0.44282414361859446,0.4464574790128316
SOL,LightGBM,1.0,1737,3,gross_errors,0.05,base,0.19000430175381644,0.607541198012304,0.36910630728222554,0.4513783076153001,0.47656643398376897,0.4225470979813753,0.43989102991007506
SOL,LightGBM,1.0,1737,4,gross_errors,0.05,base,0.17803128584135242,0.6120149357284861,0.3745622815547429,0.46092362374302387,0.4689812988623716,0.403458793461265,0.4289888549719117
SOL,LightGBM,1.0,1737,0,gross_errors,0.1,base,0.07493631167094672,0.6492623120411475,0.42154154983701636,0.4765739569338528,0.41748428544152627,0.3947319553890676,0.39320465498527796
SOL,LightGBM,1.0,1737,1,gross_errors,0.1,base,0.11934462106058918,0.6334865128837697,0.4013051620056384,0.4914923056323734,0.44123352667101173,0.32704930188668563,0.40869540556454903
SOL,LightGBM,1.0,1737,2,gross_errors,0.1,base,0.12311358725547084,0.6321294841590083,0.39958768474313394,0.4782921911320626,0.4358065461369,0.3748964963159548,0.4006236403559998
SOL,LightGBM,1.0,1737,3,gross_errors,0.1,base,0.11239557530214295,0.6359809488038383,0.40447176724143036,0.47886731099588475,0.4351527968769153,0.39962789516535757,0.40619537230604463
SOL,LightGBM,1.0,1737,4,gross_errors,0.1,base,0.1221258164072746,0.632485415855329,0.4000378012696885,0.4830054623218608,0.4369692726968636,0.35357234090762507,0.396903597161045
SOL,LightGBM,1.0,1737,0,gross_errors,0.2,base,-0.022674011233286606,0.6826576899634768,0.4660215216662704,0.5210665360083997,0.3776410595059963,0.3731219860292918,0.35417755018914826
SOL,LightGBM,1.0,1737,1,gross_errors,0.2,base,0.0566108427211901,0.6556617027660284,0.4298922684740478,0.5163954924971408,0.42383640201568024,0.3291905374959003,0.3868707201368863
SOL,LightGBM,1.0,1737,2,gross_errors,0.2,base,0.04594510001850216,0.6593576665500542,0.4347525324383325,0.5093145679765014,0.4030910810049618,0.36091442824388204,0.36564853994527036
SOL,LightGBM,1.0,1737,3,gross_errors,0.2,base,-0.03159101487834359,0.6856273799191611,0.4700849040948136,0.5265440219769582,0.37277609383031457,0.35202598610885466,0.34544142631145164
SOL,LightGBM,1.0,1737,4,gross_errors,0.2,base,0.039440290232020225,0.6616016204113494,0.43771670413092323,0.514328448119474,0.3985562124991527,0.32684993918400634,0.3609537661603414
SOL,FCNN,1.0,1737,0,gaussian,0.1,base,0.06704309161161814,0.6520263837627722,0.42513840512275797,0.40840600463452065,0.4602170462991926,0.4968289120683847,0.45100537613754743
SOL,FCNN,1.0,1737,1,gaussian,0.1,base,0.06133960966156371,0.6540163762164146,0.4277374203592507,0.4098458605577266,0.45137880957854076,0.5085254890326679,0.4382533710074017
SOL,FCNN,1.0,1737,2,gaussian,0.1,base,0.0861371479451375,0.6453196490894565,0.41643744950093925,0.4092235928228072,0.4680205202329626,0.513818769244901,0.4601824093123077
SOL,FCNN,1.0,1737,3,gaussian,0.1,base,0.10665655290298492,0.6380336808330928,0.40708697787742487,0.4020712355388363,0.4587968339232278,0.5084667371722074,0.443857539293672
SOL,FCNN,1.0,1737,4,gaussian,0.1,base,0.08664950091897283,0.6451387259918148,0.4162039757743418,0.40479613800735037,0.46015996932771713,0.516335914710685,0.4499432285783466
SOL,FCNN,1.0,1737,0,gaussian,0.3,base,0.03630139824684242,0.6626817210160358,0.4391470633687752,0.4204461233920914,0.4601040918794922,0.4875886148087385,0.4558948712713627
SOL,FCNN,1.0,1737,1,gaussian,0.3,base,0.051252568594608805,0.6575210842452152,0.4323339762270033,0.41487460102118134,0.45613906977960555,0.4947967974704719,0.4350390513664013
SOL,FCNN,1.0,1737,2,gaussian,0.3,base,0.06767314230083277,0.6518061811736207,0.42485129781613873,0.4098724337171818,0.4776740490482533,0.4841671572078765,0.472852311549327
SOL,FCNN,1.0,1737,3,gaussian,0.3,base,0.12091378706528311,0.6329218829951906,0.4005901099741777,0.39894134054053515,0.468613800885172,0.49620035463320994,0.44711558006346025
SOL,FCNN,1.0,1737,4,gaussian,0.3,base,0.05134584542772214,0.657488761105278,0.4322914709797533,0.41809316058987805,0.4594976045783229,0.48903532470273287,0.45163123332077476
SOL,FCNN,1.0,1737,0,gaussian,0.5,base,-0.09964707917536364,0.7078822775684985,0.5010973188955649,0.4756381698382723,0.4215415342542992,0.4168735343249456,0.4199256993980362
SOL,FCNN,1.0,1737,1,gaussian,0.5,base,0.01587107536699295,0.6696692775166878,0.4484569412497227,0.4440262782236505,0.46083525009086573,0.4631565151392994,0.4536599287252087
SOL,FCNN,1.0,1737,2,gaussian,0.5,base,-0.04323831799827915,0.6894870952811394,0.47539245455922297,0.4436030293321198,0.4606669825657119,0.4726336421689657,0.4581210772061555
SOL,FCNN,1.0,1737,3,gaussian,0.5,base,0.12168997493183309,0.6326424025714081,0.40023640953132367,0.40402746698481895,0.4662355709861458,0.4632250346787943,0.44191044176895367
SOL,FCNN,1.0,1737,4,gaussian,0.5,base,-0.05934186263321051,0.6947882168259112,0.48273066624012934,0.45770237564976685,0.437910629877403,0.4428940481275047,0.424068617190849
SOL,FCNN,1.0,1737,0,gaussian,1.0,base,-0.6938031137448375,0.8785487000539062,0.7718478183664084,0.6424239594107113,0.3454861733370826,0.3524738414818935,0.3367862804286428
SOL,FCNN,1.0,1737,1,gaussian,1.0,base,-0.3199295054514859,0.7755498989278035,0.6014776457269261,0.5527197674094189,0.39166674288506004,0.37826999023917035,0.3892050002032536
SOL,FCNN,1.0,1737,2,gaussian,1.0,base,-0.6011732639316814,0.8541881493156126,0.7296373944312312,0.6074181155406382,0.3636362575835296,0.37136190858179907,0.3565531265090295
SOL,FCNN,1.0,1737,3,gaussian,1.0,base,-0.2661048724352688,0.7595724723385521,0.5769503407345005,0.5465664547111596,0.3795518586281018,0.36352341904983987,0.37139387448859473
SOL,FCNN,1.0,1737,4,gaussian,1.0,base,-0.5436376049969778,0.8387007898742026,0.7034190149356114,0.6158430984626814,0.38916147095035897,0.3328601233014864,0.3710624405277162
SOL,FCNN,1.0,1737,0,systematic_bias,0.1,base,0.043283198632559916,0.6602768602657957,0.4359655322024571,0.41302227787669066,0.45088280916918083,0.5127022652167702,0.4331497196324567
SOL,FCNN,1.0,1737,1,systematic_bias,0.1,base,0.08493616715311614,0.6457435431348264,0.41698472350031934,0.4039158672639957,0.4639945464133423,0.5191560769059159,0.45316126734970863
SOL,FCNN,1.0,1737,2,systematic_bias,0.1,base,0.0618379107317516,0.6538427562752795,0.42751034993365455,0.41110742085558466,0.4559074670040636,0.5045175333309806,0.44418749795218554
SOL,FCNN,1.0,1737,3,systematic_bias,0.1,base,0.06793341942115094,0.6517151926558161,0.42473269233840755,0.41028539145675746,0.4622093710502223,0.5113801296770276,0.44943866131803534
SOL,FCNN,1.0,1737,4,systematic_bias,0.1,base,0.04898516594712854,0.6583063171267812,0.4333672071690262,0.41569031273293383,0.45771766665828856,0.5048018165267573,0.4445866299924246
SOL,FCNN,1.0,1737,0,systematic_bias,0.3,base,0.002254979680770264,0.6742860292645944,0.4546616492614134,0.42670994328326256,0.4399137579070915,0.5042440383180181,0.40606004471517465
SOL,FCNN,1.0,1737,1,systematic_bias,0.3,base,0.06044693993449979,0.6543272883887484,0.4281442003301723,0.40853228817785414,0.44384394820138784,0.4986134816065905,0.42316680661142464
SOL,FCNN,1.0,1737,2,systematic_bias,0.3,base,0.017443617686830448,0.6691340304212979,0.44774035066785045,0.42559079857253596,0.4486649905487397,0.502969866455922,0.40959991109969457
SOL,FCNN,1.0,1737,3,systematic_bias,0.3,base,0.02228956227088308,0.667481914334837,0.44553210596409853,0.42378113780814364,0.45414334903236425,0.5070647107651389,0.42315020115868934
SOL,FCNN,1.0,1737,4,systematic_bias,0.3,base,0.06942444726876651,0.6511937092929684,0.42405324702273495,0.4131506807389062,0.4597067350183897,0.4909476029996568,0.4319363318984792
SOL,FCNN,1.0,1737,0,systematic_bias,0.5,base,-0.0909100472416946,0.7050644989188298,0.4971159476356605,0.47544204339081775,0.4390237832311848,0.4832938975449525,0.3955842812586781
SOL,FCNN,1.0,1737,1,systematic_bias,0.5,base,0.001403757747202694,0.6745736000761365,0.45504954191967945,0.43657622525730566,0.4502474118851941,0.4868616516519487,0.40035210460671056
SOL,FCNN,1.0,1737,2,systematic_bias,0.5,base,-0.11668870094423589,0.7133463409965582,0.5088630022131779,0.4773214962685476,0.4409545576442969,0.5001955540376508,0.35042498294130625
SOL,FCNN,1.0,1737,3,systematic_bias,0.5,base,-0.10762587101774868,0.710445753256582,0.5047331683203122,0.4811370594439057,0.44795276101444226,0.4888679620828603,0.38915879201681736
SOL,FCNN,1.0,1737,4,systematic_bias,0.5,base,0.03070130314827335,0.6646043682760744,0.4416989663316399,0.43541891322212106,0.4611683872590244,0.46538930451617966,0.4292871801320554
SOL,FCNN,1.0,1737,0,systematic_bias,1.0,base,-0.4577531833902324,0.8150352200444625,0.6642824099129254,0.6202243741227638,0.4178015089574056,0.43943782050500535,0.3285289489465078
SOL,FCNN,1.0,1737,1,systematic_bias,1.0,base,-0.37776501268641627,0.792358923001661,0.6278326628603522,0.5795380809162436,0.4066016663971604,0.4441994182480091,0.31157932218997875
SOL,FCNN,1.0,1737,2,systematic_bias,1.0,base,-0.5175602274301625,0.8315863365361584,0.691535835113629,0.645636504429428,0.43968080821133376,0.4709638793059774,0.30619768377708523
SOL,FCNN,1.0,1737,3,systematic_bias,1.0,base,-0.3928676387089538,0.7966898811459215,0.6347147667203026,0.6037821718379359,0.44125882553308804,0.44687585148361425,0.3365181788165952
SOL,FCNN,1.0,1737,4,systematic_bias,1.0,base,-0.22191326848525605,0.7461988362599489,0.556812703235702,0.5376484286695086,0.44465247222299725,0.42434726664878525,0.37303046905082454
SOL,FCNN,1.0,1737,0,gross_errors,0.01,base,0.11542105516568923,0.6348961243264378,0.4030930886847316,0.39489133310338265,0.4462869423458897,0.5087597675432387,0.42091660417718074
SOL,FCNN,1.0,1737,1,gross_errors,0.01,base,0.07811978678547671,0.6481441772844687,0.4200908745477608,0.4107323999361302,0.47307234419196154,0.5045337884983289,0.46320837438867896
SOL,FCNN,1.0,1737,2,gross_errors,0.01,base,0.06436611874456388,0.6529611571895702,0.4263582727983426,0.40730970126575056,0.45639746976647005,0.4805904372462441,0.4490859426971899
SOL,FCNN,1.0,1737,3,gross_errors,0.01,base,0.05938059767047554,0.6546984962590462,0.42863012100385633,0.40943238802680426,0.4456646147779282,0.5025128265488658,0.43305637778204076
SOL,FCNN,1.0,1737,4,gross_errors,0.01,base,0.08571767858572532,0.6454677351857369,0.4166285971658045,0.40227275620266156,0.4481331640955732,0.5073030712908285,0.43351483634552707
SOL,FCNN,1.0,1737,0,gross_errors,0.05,base,0.052293995164879536,0.6571601093845787,0.4318594093663515,0.4098088369418177,0.4277570186136314,0.4780319613773819,0.41540186106335375
SOL,FCNN,1.0,1737,1,gross_errors,0.05,base,0.09564504339184632,0.6419538955787049,0.41210480404867467,0.41201204374490114,0.45016012653828985,0.484403112260371,0.43582295772654506
SOL,FCNN,1.0,1737,2,gross_errors,0.05,base,-0.008062713488449225,0.6777634622827877,0.4593633108055518,0.42223319000063486,0.4127360745002407,0.47928091221749375,0.4061196575257921
SOL,FCNN,1.0,1737,3,gross_errors,0.05,base,-0.021379206391295424,0.6822253975474808,0.46543149305881815,0.4314935663786039,0.4297534360024423,0.46929520983989587,0.4259441592253157
SOL,FCNN,1.0,1737,4,gross_errors,0.05,base,0.02889450914567626,0.6652234984423829,0.4425223028799231,0.41863924963013716,0.4403297722910559,0.46802898332865606,0.42358207700604633
SOL,FCNN,1.0,1737,0,gross_errors,0.1,base,-0.020796334576400177,0.6820307065349769,0.4651658846565998,0.44147282609958705,0.40086122109674976,0.4580839553159924,0.39251287765365467
SOL,FCNN,1.0,1737,1,gross_errors,0.1,base,-0.14236233379508767,0.7214999652950721,0.5205621999207902,0.4616673737410753,0.36126442079451854,0.3715797132456402,0.35803386596003894
SOL,FCNN,1.0,1737,2,gross_errors,0.1,base,-0.0916092978807963,0.7052904285565004,0.49743458861341194,0.4381761095983269,0.40765092780287143,0.4574053931956117,0.40576999344421927
SOL,FCNN,1.0,1737,3,gross_errors,0.1,base,-0.15197942095812955,0.7245306086432877,0.5249446028610129,0.4591048818438947,0.3428540941835673,0.40834861021487673,0.33884268461145517
SOL,FCNN,1.0,1737,4,gross_errors,0.1,base,-0.07419785438281323,0.6996430386424353,0.4895003815208202,0.44853590045103314,0.41300788454577475,0.4194944067106245,0.40969043025628976
SOL,FCNN,1.0,1737,0,gross_errors,0.2,base,-0.3863186567231396,0.7948147370505205,0.631730466232688,0.5442917543821335,0.3492296188680771,0.3874669160881789,0.3320531880654888
SOL,FCNN,1.0,1737,1,gross_errors,0.2,base,-0.2956984981761319,0.7683982280962118,0.590435836941398,0.5154501274062672,0.3386541555482228,0.28373022851424773,0.3318126161696901
SOL,FCNN,1.0,1737,2,gross_errors,0.2,base,0.026308516290775907,0.6661086337413795,0.4437007119448073,0.4218864068847316,0.34972543774713594,0.4113119345117757,0.31953460422113894
SOL,FCNN,1.0,1737,3,gross_errors,0.2,base,-0.24531528171529682,0.7533105258603565,0.5674767483720069,0.4953679356696425,0.30228907659044624,0.34156691576372517,0.29819856632458736
SOL,FCNN,1.0,1737,4,gross_errors,0.2,base,-0.3435261065384341,0.7824515080513356,0.6122303624518093,0.525258170767897,0.290218642324893,0.3272013569498625,0.28016232987962403
