endpoint,featureset,model,arm,Pearson_r_CV,Pearson_r_test,MAE,mpnn_mode
HLM,fcfp4,RF,base,0.5267889295452421,0.5055114832156349,0.4295026242662348,
HLM,fcfp4,SVM,base,0.5859632669893092,0.5772335947629513,0.3969655738990136,
HLM,fcfp4,XGBoost,base,0.5131883859776928,0.4833706060004227,0.4413515321332953,
HLM,fcfp4,LightGBM,base,0.5519572753284535,0.5708706085354652,0.4024722346835769,
HLM,fcfp4,Lasso,base,,,0.5218747513519325,
HLM,rdkit,RF,base,0.59666894072908,0.6554952661608485,0.3777398670323622,
HLM,rdkit,SVM,base,0.6293397795291831,0.7024814063554027,0.3449440454247663,
HLM,rdkit,XGBoost,base,0.5746402037731712,0.6291001463284328,0.3817869430547023,
HLM,rdkit,LightGBM,base,0.6344965818399141,0.6982855400159975,0.3473682563291871,
HLM,rdkit,Lasso,base,0.4813604080175303,0.507195801772089,0.4572623786969153,
HLM,hybrid,RF,base,0.6241087946526188,0.6616159302577399,0.3720330957443362,
HLM,hybrid,SVM,base,0.6613935877719462,0.7192639376726486,0.3370016829693019,
HLM,hybrid,XGBoost,base,0.6072703049673781,0.6742911580054197,0.3536406356780814,
HLM,hybrid,LightGBM,base,0.6630916099440828,0.7214777992148463,0.3363949273419739,
HLM,hybrid,Lasso,base,0.4813604080175303,0.507195801772089,0.4572623786969153,
MDR1,fcfp4,RF,base,0.6075630055399569,0.6317280746516255,0.4165004461571654,
MDR1,fcfp4,SVM,base,0.7032946117179385,0.7176086176265338,0.3703123063740881,
MDR1,fcfp4,XGBoost,base,0.5976827455687691,0.5958813656652892,0.4247296456449664,
MDR1,fcfp4,LightGBM,base,0.6371998397880849,0.6419426986729345,0.4007132852490371,
MDR1,fcfp4,Lasso,base,,,0.5822828054863378,
MDR1,rdkit,RF,base,0.6785516754869891,0.7032367801966904,0.3883362632362948,
MDR1,rdkit,SVM,base,0.726978954043708,0.7255700437365161,0.3525413096276883,
MDR1,rdkit,XGBoost,base,0.6372330182189391,0.663312296485944,0.3979136664567189,
MDR1,rdkit,LightGBM,base,0.7028247436973885,0.7269480826350226,0.358472307763365,
MDR1,rdkit,Lasso,base,0.5727118217796636,0.5873712268870263,0.4742609719757044,
MDR1,hybrid,RF,base,0.6899518061116601,0.7147980760989906,0.3796798938336484,
MDR1,hybrid,SVM,base,0.7460803834014954,0.7434489940004694,0.3409460554934099,
MDR1,hybrid,XGBoost,base,0.6748477952022843,0.6841216698241759,0.3714507543481103,
MDR1,hybrid,LightGBM,base,0.7162526169491669,0.7428200241847802,0.3413715657091209,
MDR1,hybrid,Lasso,base,0.5727118217796636,0.5873712268870263,0.4742609719757044,
SOL,fcfp4,RF,base,0.4922548016472402,0.4402427486136208,0.4316455825086587,
SOL,fcfp4,SVM,base,0.5511151092530363,0.5378739334016742,0.4012722217606786,
SOL,fcfp4,XGBoost,base,0.4918335120687165,0.4336663904901837,0.4447961419191414,
SOL,fcfp4,LightGBM,base,0.4974667258579951,0.4657823072364498,0.4437964071237645,
SOL,fcfp4,Lasso,base,,,0.5080320808171044,
SOL,rdkit,RF,base,0.5368134388150945,0.5552891769602272,0.3987896358252872,
SOL,rdkit,SVM,base,0.5477693769525644,0.5587565044435803,0.3756385322994561,
SOL,rdkit,XGBoost,base,0.4804155743546933,0.4541608431218651,0.4224722065224349,
SOL,rdkit,LightGBM,base,0.5407481723259173,0.5482115791104607,0.3859736851251811,
SOL,rdkit,Lasso,base,0.4162611575060174,0.3977973818194998,0.458659515324839,
SOL,hybrid,RF,base,0.5505287777006797,0.5659613300375432,0.3941957855264366,
SOL,hybrid,SVM,base,0.5762892265505872,0.578841260193948,0.3741202107197332,
SOL,hybrid,XGBoost,base,0.494305745634908,0.4799769489152325,0.4064159951521495,
SOL,hybrid,LightGBM,base,0.5441753198401523,0.5871811687779728,0.3799458528508242,
SOL,hybrid,Lasso,base,0.4162611575060174,0.3977973818194998,0.458659515324839,
RLM,fcfp4,RF,base,0.5296921034602098,0.5107881501288911,0.5159190374430987,
RLM,fcfp4,SVM,base,0.5936277075893858,0.5807746395896614,0.4824460580120294,
RLM,fcfp4,XGBoost,base,0.5082263513976362,0.5113636595951816,0.5222403487875262,
RLM,fcfp4,LightGBM,base,0.5440494225948148,0.5646748554106026,0.4961651398174995,
RLM,fcfp4,Lasso,base,,,0.6283097293329635,
RLM,rdkit,RF,base,0.6504051106387707,0.6516395227806451,0.4621942975810146,
RLM,rdkit,SVM,base,0.6844175757732817,0.6694373718425076,0.4392988213387382,
RLM,rdkit,XGBoost,base,0.6106079895038318,0.6292605886246084,0.4732100242859174,
RLM,rdkit,LightGBM,base,0.6740244331772627,0.6665924991445479,0.4458173676236338,
RLM,rdkit,Lasso,base,0.5080723605851525,0.5428866096687119,0.5487151219490737,
RLM,hybrid,RF,base,0.6755153572836756,0.6779033225819088,0.448890156988543,
RLM,hybrid,SVM,base,0.7114127170559096,0.696187932381515,0.420523685462542,
RLM,hybrid,XGBoost,base,0.6587390652980325,0.6366225678619399,0.4663295970800996,
RLM,hybrid,LightGBM,base,0.7019927083223394,0.6929961097646273,0.4267328362670827,
RLM,hybrid,Lasso,base,0.5080723605851525,0.5428866096687119,0.5487151219490737,
HLM,fcfp4,BayesianRidge,base,0.5212577259823129,0.5300688236607664,0.4212006104562544,
HLM,rdkit,BayesianRidge,base,0.5724547035435904,0.6296437511965564,0.3822111757987332,
HLM,hybrid,BayesianRidge,base,0.6214264166489378,0.6760194526533346,0.3641191989049313,
MDR1,fcfp4,BayesianRidge,base,0.6536945130163943,0.6473848846880202,0.3953469720583125,
MDR1,rdkit,BayesianRidge,base,0.6967012211471281,0.6984816930055674,0.380777956726184,
MDR1,hybrid,BayesianRidge,base,0.7201033724777788,0.7225700299187485,0.3629223724948004,
SOL,fcfp4,BayesianRidge,base,0.5172406242418288,0.5139405569055105,0.4318862601526796,
SOL,rdkit,BayesianRidge,base,0.5330911406351269,0.536582659875846,0.4274597499124895,
SOL,hybrid,BayesianRidge,base,0.5680664669438565,0.5798279421650622,0.4141295315583143,
RLM,fcfp4,BayesianRidge,base,0.553980257794406,0.5385640847315948,0.5118119853295466,
RLM,rdkit,BayesianRidge,base,0.6463716768915572,0.6354389800167287,0.4647478491234901,
RLM,hybrid,BayesianRidge,base,0.6901980679163751,0.6792003300679625,0.4332507120675379,
HLM,fcfp4,FCNN,base,0.5072172493305431,0.5137566286832456,0.4268741149411618,
HLM,rdkit,FCNN,base,0.6284529958843346,0.6861677102697842,0.3442786601115847,
HLM,hybrid,FCNN,base,0.6863077184984986,0.7437764111500375,0.3207721879948674,
MDR1,fcfp4,FCNN,base,0.6354447738335564,0.6142047753249608,0.390727543553431,
MDR1,rdkit,FCNN,base,0.7286067441782894,0.7663229659171718,0.3137663064792672,
MDR1,hybrid,FCNN,base,0.7416032763264586,0.7616126007068129,0.3584553844316609,
SOL,fcfp4,FCNN,base,0.4856972780767882,0.4613356514959559,0.4088396625636994,
SOL,rdkit,FCNN,base,0.5457014955173608,0.5488163666909741,0.3713122468726717,
SOL,hybrid,FCNN,base,0.5877656279952146,0.5949803106528502,0.3364672133441854,
RLM,fcfp4,FCNN,base,0.5190754568016777,0.5445559010487537,0.5508928732220514,
RLM,rdkit,FCNN,base,0.6880345712862368,0.670958682056731,0.4409900616700942,
RLM,hybrid,FCNN,base,0.7186342387495291,0.7023034225125553,0.4210905735162088,
HLM,graph,MPNN1,base,0.6323549808817144,0.6635955485170816,0.3558970944728665,full
HLM,graph_rdkit,MPNN3_robustscaler,base,0.5847558312504124,0.6693223512747271,0.37087981799662,full
MDR1,graph,MPNN1,base,0.5991035558499163,0.6811072796458115,0.3874144139683673,full
MDR1,graph_rdkit,MPNN3_robustscaler,base,0.6874425196316181,0.7091940457850613,0.3686246716265445,full
SOL,graph,MPNN1,base,0.5848823182233029,0.5240210623539765,0.3974781408314648,full
SOL,graph_rdkit,MPNN3_robustscaler,base,0.5105648073324607,0.5324992818600295,0.4262776115081239,full
RLM,graph,MPNN1,base,0.6977165749204324,0.7014792435145543,0.4186620187975537,full
RLM,graph_rdkit,MPNN3_robustscaler,base,0.6602781054663172,0.6288135953579868,0.4726948579155542,full
HLM,graph_rdkit2dnorm,MPNN2,base,0.6822158696001923,0.7188243676678449,0.3359606844552181,full
MDR1,graph_rdkit2dnorm,MPNN2,base,0.7093903921137675,0.7753871080307715,0.3338562345648338,full
SOL,graph_rdkit2dnorm,MPNN2,base,0.5849548046230365,0.6073720804237637,0.3780753646040168,full
RLM,graph_rdkit2dnorm,MPNN2,base,0.7291555025007422,0.7220470272070618,0.403390177227885,full
HLM,ecfp4,RF,base,0.5068888510982976,0.4542532078965729,0.4528818175663428,
HLM,ecfp4,SVM,base,0.5975399377004863,0.5849777704378578,0.404283876669723,
HLM,ecfp4,XGBoost,base,0.5074842844461872,0.4788750488710106,0.441018258834666,
HLM,ecfp4,LightGBM,base,0.5641298509163716,0.5482616704886576,0.4156064230304759,
HLM,ecfp4,Lasso,base,,,0.5218747513519325,
HLM,ecfp4,BayesianRidge,base,0.5364350210275216,0.5366738198596183,0.4196913941388204,
HLM,ecfp4,FCNN,base,0.4814931247497614,0.4661526945456925,0.4484810651845284,
HLM,hybrid_ecfp4,RF,base,0.6089319502403231,0.6638687840181386,0.3768559294304203,
HLM,hybrid_ecfp4,SVM,base,0.6600300881872393,0.7205942490033829,0.3362230674077852,
HLM,hybrid_ecfp4,XGBoost,base,0.5935084253913057,0.6635443413763662,0.3638840497835029,
HLM,hybrid_ecfp4,LightGBM,base,0.6556623470498218,0.7248424199408524,0.3344251756003772,
HLM,hybrid_ecfp4,Lasso,base,0.4813604080175303,0.507195801772089,0.4572623786969153,
HLM,hybrid_ecfp4,BayesianRidge,base,0.6179217169852401,0.6689593146808601,0.3659486383758381,
HLM,hybrid_ecfp4,FCNN,base,0.6683904673105102,0.731638671596721,0.3214598218540821,
MDR1,ecfp4,RF,base,0.6026223610238073,0.6125491478510815,0.4367861130850661,
MDR1,ecfp4,SVM,base,0.6900721611565276,0.6974463440057929,0.3818874871436588,
MDR1,ecfp4,XGBoost,base,0.5712045096202485,0.5919870193298493,0.4264016345842142,
MDR1,ecfp4,LightGBM,base,0.6504038806785911,0.6376711250169728,0.410427969537627,
MDR1,ecfp4,Lasso,base,,,0.5822828054863378,
MDR1,ecfp4,BayesianRidge,base,0.6339081036726533,0.6492099222313423,0.4027069682178271,
MDR1,ecfp4,FCNN,base,0.5897430609752117,0.6260075814882179,0.3983780390611603,
MDR1,hybrid_ecfp4,RF,base,0.684766201127534,0.7141782105423523,0.3815774994858222,
MDR1,hybrid_ecfp4,SVM,base,0.7441098495422257,0.749651130639989,0.3373792960254838,
MDR1,hybrid_ecfp4,XGBoost,base,0.6656391986213189,0.7152664961232913,0.3628298795453549,
MDR1,hybrid_ecfp4,LightGBM,base,0.7114436914877768,0.7677624373237159,0.3318934768290561,
MDR1,hybrid_ecfp4,Lasso,base,0.5727118217796636,0.5873712268870263,0.4742609719757044,
MDR1,hybrid_ecfp4,BayesianRidge,base,0.715272373923042,0.7229715766527309,0.3632746693142274,
MDR1,hybrid_ecfp4,FCNN,base,0.73215522420327,0.7723154990935633,0.3285194105603559,
SOL,ecfp4,RF,base,0.4843658146759169,0.4204593444557761,0.4390797123172412,
SOL,ecfp4,SVM,base,0.5560988746379082,0.5200769063002972,0.4118768760990503,
SOL,ecfp4,XGBoost,base,0.4392590289959299,0.4017909974327596,0.4571403428450354,
SOL,ecfp4,LightGBM,base,0.4958443675694758,0.4948280370815799,0.4437031662375023,
SOL,ecfp4,Lasso,base,,,0.5080320808171044,
SOL,ecfp4,BayesianRidge,base,0.5059681886850691,0.4956567247782709,0.4383319055581104,
SOL,ecfp4,FCNN,base,0.4489006763418797,0.3790825496628602,0.4256860878376917,
SOL,hybrid_ecfp4,RF,base,0.5463394310340062,0.5718393007379673,0.3951522348,
SOL,hybrid_ecfp4,SVM,base,0.5780097104072118,0.5749257274466943,0.3727991732429944,
SOL,hybrid_ecfp4,XGBoost,base,0.494249870577836,0.4714942069897876,0.428888275129031,
SOL,hybrid_ecfp4,LightGBM,base,0.5484849653529827,0.5745242603092937,0.3868221810086099,
SOL,hybrid_ecfp4,Lasso,base,0.4162611575060174,0.3977973818194998,0.458659515324839,
SOL,hybrid_ecfp4,BayesianRidge,base,0.5726443917126413,0.5662735427630902,0.4158925784009709,
SOL,hybrid_ecfp4,FCNN,base,0.5921010513396767,0.5823490883877902,0.3760388422138926,
RLM,ecfp4,RF,base,0.5199640068998665,0.5119972696125964,0.5168691846382979,
RLM,ecfp4,SVM,base,0.6055178256651282,0.6133200979736372,0.4713728629026282,
RLM,ecfp4,XGBoost,base,0.5298108459837064,0.5589082328260645,0.5026133856575775,
RLM,ecfp4,LightGBM,base,0.5783144347793752,0.5787063821335392,0.4897529760515765,
RLM,ecfp4,Lasso,base,,,0.6283097293329635,
RLM,ecfp4,BayesianRidge,base,0.5583261835386055,0.5656008320036823,0.4983059946429335,
RLM,ecfp4,FCNN,base,0.5185904297673608,0.5834280119010492,0.5018560369143822,
RLM,hybrid_ecfp4,RF,base,0.6590691347705756,0.6623432737548289,0.455719840081833,
RLM,hybrid_ecfp4,SVM,base,0.7131478646663854,0.7010696253903552,0.4150153149140573,
RLM,hybrid_ecfp4,XGBoost,base,0.6384281296340379,0.6502974729269849,0.4550386617321695,
RLM,hybrid_ecfp4,LightGBM,base,0.6968576217526649,0.6885662583066888,0.4265123321494829,
RLM,hybrid_ecfp4,Lasso,base,0.5080723605851525,0.5428866096687119,0.5487151219490737,
RLM,hybrid_ecfp4,BayesianRidge,base,0.6862532891639165,0.6816878198847052,0.4287566552245546,
RLM,hybrid_ecfp4,FCNN,base,0.7125766824764752,0.6652103525213219,0.4469891280923335,
HLM,graph_rdkit,MPNN3,base,0.6797983956044715,0.7271366835449182,0.3359860540776799,full
MDR1,graph_rdkit,MPNN3,base,0.714249307924628,0.7700542351385632,0.3392123589870677,full
SOL,graph_rdkit,MPNN3,base,0.5631406015975065,0.5841216773617159,0.389038849469163,full
RLM,graph_rdkit,MPNN3,base,0.7200195603146281,0.7084451374560222,0.412161388614451,full
HLM,hybrid,RF,tuned,0.6270351106602777,0.6713615551750336,0.3716281006709664,
HLM,hybrid,LightGBM,tuned,0.6691828394260119,0.7289365425440212,0.333729027144053,
MDR1,hybrid,RF,tuned,0.6873721421863676,0.7089263912326271,0.3810097456217755,
MDR1,hybrid,LightGBM,tuned,0.722136531449926,0.7564624437082281,0.3394591166940809,
SOL,hybrid,RF,tuned,0.5468771678804913,0.5577380491975505,0.3976569232459769,
SOL,hybrid,LightGBM,tuned,0.5510732273169762,0.5971511696748322,0.374145628305333,
RLM,hybrid,RF,tuned,0.6753105574769699,0.6776862004980929,0.4488966375315352,
RLM,hybrid,LightGBM,tuned,0.7129981800616033,0.6867337702735344,0.4294036510943796,
HLM,graph_rdkit2dnorm,MPNN2,tuned,0.7121568151875439,0.7359350830178548,0.3293700957865859,full
MDR1,graph_rdkit2dnorm,MPNN2,tuned,0.7115546677167484,0.7616357999013467,0.3353839858663582,full
SOL,graph_rdkit2dnorm,MPNN2,tuned,0.5896804606084942,0.5147522556136922,0.422374093120009,full
RLM,graph_rdkit2dnorm,MPNN2,tuned,0.7358615648333457,0.7191485556027777,0.406491264450707,full
HLM,graph_rdkit2d_raw,MPNN4,base,0.6950674169071512,0.7258161633958295,0.3352794402139859,full
MDR1,graph_rdkit2d_raw,MPNN4,base,0.7153344754300617,0.7710529005467142,0.3359651672522513,full
SOL,graph_rdkit2d_raw,MPNN4,base,0.5856725472068937,0.6028942958882674,0.3786266850248111,full
RLM,graph_rdkit2d_raw,MPNN4,base,0.7295297880748947,0.7087140421769753,0.4125708556238602,full
HLM,graph,MPNN1,tuned,0.6471194984652426,0.6781562820384167,0.3504440956204151,full
MDR1,graph,MPNN1,tuned,0.661846976035135,0.6860846106775843,0.3611570576865768,full
SOL,graph,MPNN1,tuned,0.5630504446470133,0.4924541450010729,0.4257460082248105,full
RLM,graph,MPNN1,tuned,0.7205654571480842,0.7300878257802255,0.3965903660548647,full
HLM,rdkit,FCNN3,base,0.6326633869788156,0.6600396045522409,0.3921175097478107,
MDR1,rdkit,FCNN3,base,0.7187360189696824,0.7659742932307536,0.3257206048721435,
SOL,rdkit,FCNN3,base,0.538505360452275,0.5295820567824213,0.3814063319163174,
RLM,rdkit,FCNN3,base,0.6788920354096124,0.6480690750447036,0.4650922623336654,
HLM,hybrid,FCNN3,base,0.6828750001732455,0.7139643499498788,0.3431112481191937,
MDR1,hybrid,FCNN3,base,0.7315341281037077,0.7581482201995386,0.3836833065610399,
SOL,hybrid,FCNN3,base,0.5864284070334992,0.5872464927051497,0.3757196902025376,
RLM,hybrid,FCNN3,base,0.6848056412921023,0.6682462538125188,0.4403253470273618,
HLM,rdkit_norm,FCNN2,base,0.650246788020846,0.6563222551771662,0.3936339845355753,
MDR1,rdkit_norm,FCNN2,base,0.7143904529759655,0.7520877603206332,0.3256356709423892,
SOL,rdkit_norm,FCNN2,base,0.5473241931815817,0.5821883305439643,0.3772330897949965,
RLM,rdkit_norm,FCNN2,base,0.6807053934028765,0.6612577986662935,0.4641584661016636,
PPB_H,fcfp4,RF,base,0.579063788248925,0.5850954122717944,0.4524547384121153,
PPB_H,fcfp4,SVM,base,0.6384525591069451,0.6348028780563213,0.4312413413872994,
PPB_H,fcfp4,XGBoost,base,0.5492962378653548,0.5390972357358299,0.4651554664452914,
PPB_H,fcfp4,LightGBM,base,0.6166586184595981,0.6055167606172115,0.4418509801883396,
PPB_H,fcfp4,Lasso,base,,,0.5904214661622705,
PPB_H,fcfp4,BayesianRidge,base,0.5962254141944273,0.5900795775406835,0.4558274378866806,
PPB_H,fcfp4,FCNN,base,0.5650673032469286,0.584909345793489,0.478958243423294,
PPB_H,rdkit,RF,base,0.701911521073908,0.7291058216988056,0.3940697939015902,
PPB_H,rdkit,SVM,base,0.7087871003810708,0.7059274673369983,0.3909115883641869,
PPB_H,rdkit,XGBoost,base,0.6629008198873876,0.6703455461979173,0.4116630908591038,
PPB_H,rdkit,LightGBM,base,0.70946092412825,0.7485583478247322,0.3723796745702112,
PPB_H,rdkit,Lasso,base,0.589398752740957,0.5863266369486855,0.4863080427519509,
PPB_H,rdkit,BayesianRidge,base,0.6956576912533827,0.6882097411819748,0.4121977948163042,
PPB_H,rdkit,FCNN,base,0.7209164324902491,0.733180651290459,0.3957480247282997,
PPB_H,hybrid,RF,base,0.706990913647187,0.7278708309916133,0.3931378045724461,
PPB_H,hybrid,SVM,base,0.7272041849048719,0.7257278824352215,0.3779791317937391,
PPB_H,hybrid,XGBoost,base,0.6741625853102458,0.687142466524281,0.4101630410667403,
PPB_H,hybrid,LightGBM,base,0.7204903805731512,0.759575526072664,0.3665836792044516,
PPB_H,hybrid,Lasso,base,0.589398752740957,0.5863266369486855,0.4863080427519509,
PPB_H,hybrid,BayesianRidge,base,0.7344412662315168,0.725944875486516,0.3822129661920811,
PPB_H,hybrid,FCNN,base,0.7450832056622116,0.7474566871925287,0.3681625901345535,
PPB_H,ecfp4,RF,base,0.5785679627591698,0.571964901102966,0.4634816641884356,
PPB_H,ecfp4,SVM,base,0.6502478143753091,0.6475012738459299,0.4222804961741382,
PPB_H,ecfp4,XGBoost,base,0.5406930634061023,0.5562038464259021,0.4706100308686152,
PPB_H,ecfp4,LightGBM,base,0.6265141374070509,0.6056482334897298,0.4464045146732886,
PPB_H,ecfp4,Lasso,base,,,0.5904214661622705,
PPB_H,ecfp4,BayesianRidge,base,0.6107218997832203,0.6324075449982415,0.433925732004274,
PPB_H,ecfp4,FCNN,base,0.5686993740772534,0.613934035394407,0.4730955788629478,
PPB_H,hybrid_ecfp4,RF,base,0.7067311112056451,0.7282557947558174,0.3933078040954522,
PPB_H,hybrid_ecfp4,SVM,base,0.7253589613909714,0.7243563610781745,0.3786134283649152,
PPB_H,hybrid_ecfp4,XGBoost,base,0.6741781711926647,0.6961650865580321,0.3942113088986749,
PPB_H,hybrid_ecfp4,LightGBM,base,0.7208433635740047,0.7362119249121596,0.376269797977246,
PPB_H,hybrid_ecfp4,Lasso,base,0.589398752740957,0.5863266369486855,0.4863080427519509,
PPB_H,hybrid_ecfp4,BayesianRidge,base,0.7291950874297684,0.7249933506275087,0.3833769131320022,
PPB_H,hybrid_ecfp4,FCNN,base,0.7326578815107131,0.744570889658884,0.3758983599728522,
PPB_R,fcfp4,RF,base,0.5700288369104354,0.5829088427523696,0.4437347794753739,
PPB_R,fcfp4,SVM,base,0.5923136526849849,0.6436440664168452,0.4166501689516634,
PPB_R,fcfp4,XGBoost,base,0.4915893458778586,0.5763753159577736,0.4528288408439577,
PPB_R,fcfp4,LightGBM,base,0.526158286412058,0.5770155736970726,0.461823437545195,
PPB_R,fcfp4,Lasso,base,,,0.5726127910167711,
PPB_R,fcfp4,BayesianRidge,base,0.550840455787066,0.6136365814797302,0.429090317629392,
PPB_R,fcfp4,FCNN,base,0.4958465503302156,0.5826768299937028,0.4623908038857431,
PPB_R,rdkit,RF,base,0.6540532091749676,0.699523588720586,0.3919731606470162,
PPB_R,rdkit,SVM,base,0.6353060241414734,0.7077576663387298,0.3775766136517095,
PPB_R,rdkit,XGBoost,base,0.6014250955946042,0.6434184272677504,0.421579249175901,
PPB_R,rdkit,LightGBM,base,0.6641020841677107,0.6587018260476675,0.4047921128232192,
PPB_R,rdkit,Lasso,base,0.5776901843037993,0.5916446972437321,0.465963724403812,
PPB_R,rdkit,BayesianRidge,base,0.6622741116101893,0.687851001597293,0.4009843830507698,
PPB_R,rdkit,FCNN,base,0.653616501566907,0.67130225594458,0.3929575854843392,
PPB_R,hybrid,RF,base,0.6616672236344954,0.6927694051918045,0.3946561730860075,
PPB_R,hybrid,SVM,base,0.6571644469667584,0.7345229370304924,0.3639175892183457,
PPB_R,hybrid,XGBoost,base,0.6279503773341814,0.6387956541769542,0.4280536399405264,
PPB_R,hybrid,LightGBM,base,0.6763607978827193,0.6942964597355211,0.3916818029551985,
PPB_R,hybrid,Lasso,base,0.5776901843037993,0.5916446972437321,0.465963724403812,
PPB_R,hybrid,BayesianRidge,base,0.691883673606251,0.7202095471656023,0.3815808624233572,
PPB_R,hybrid,FCNN,base,0.6766356035401161,0.7136799965506926,0.3849005095872723,
PPB_R,ecfp4,RF,base,0.5530835685318334,0.6103259099924094,0.4412538890836133,
PPB_R,ecfp4,SVM,base,0.5865694609471529,0.6475057646115814,0.4203431921340824,
PPB_R,ecfp4,XGBoost,base,0.4999881838908331,0.5406004384078097,0.4809103026277798,
PPB_R,ecfp4,LightGBM,base,0.511068226335057,0.6410710844685241,0.4238434154063422,
PPB_R,ecfp4,Lasso,base,,,0.5726127910167711,
PPB_R,ecfp4,BayesianRidge,base,0.540537878466498,0.563443767662587,0.4529155474163668,
PPB_R,ecfp4,FCNN,base,0.4933374721089253,0.4998620181756487,0.5175714835503217,
PPB_R,hybrid_ecfp4,RF,base,0.660214485570337,0.6996503759178223,0.3892282412738836,
PPB_R,hybrid_ecfp4,SVM,base,0.6564790990683205,0.7300059345023233,0.3676841181010223,
PPB_R,hybrid_ecfp4,XGBoost,base,0.6042401239351468,0.6474199699660002,0.4273815899110266,
PPB_R,hybrid_ecfp4,LightGBM,base,0.6695224162027246,0.6593780213198384,0.4151956850288112,
PPB_R,hybrid_ecfp4,Lasso,base,0.5776901843037993,0.5916446972437321,0.465963724403812,
PPB_R,hybrid_ecfp4,BayesianRidge,base,0.6883250150052298,0.7151784394904337,0.3846950510828785,
PPB_R,hybrid_ecfp4,FCNN,base,0.6746591046409666,0.7138709497771918,0.3876171431196766,
PPB_H,graph,MPNN1,base,0.6734565103250549,0.7210242090923137,0.3895993990448787,full
PPB_H,graph_rdkit,MPNN3,base,0.7296285385235193,0.7392345633049489,0.3688270963840568,full
PPB_H,graph_rdkit2dnorm,MPNN2,base,0.7455779797175812,0.7461901351772415,0.3738907951130625,full
PPB_H,graph_rdkit2d_raw,MPNN4,base,0.7440523944791227,0.7523689380413238,0.3697689794195506,full
PPB_R,graph,MPNN1,base,0.5413562593781257,0.5304873303393002,0.4810826549967917,full
PPB_R,graph_rdkit,MPNN3,base,0.66345304865088,0.7231553374360797,0.3728542579178356,full
PPB_R,graph_rdkit2dnorm,MPNN2,base,0.6564990392930086,0.7304660121803663,0.367066286321167,full
PPB_R,graph_rdkit2d_raw,MPNN4,base,0.6646610174876487,0.7165678048135995,0.3718936595601481,full
PPB_H,rdkit,FCNN3,base,0.7057367983793289,0.7319063192389742,0.387563053270369,
PPB_H,hybrid,FCNN3,base,0.7260529631888397,0.7410975421618349,0.3854213487964947,
PPB_R,rdkit,FCNN3,base,0.6688110166669444,0.6630711859554472,0.4046067043624536,
PPB_R,hybrid,FCNN3,base,0.6828135940586115,0.7245303192445081,0.376215716050491,
PPB_H,rdkit_norm,FCNN2,base,0.7099056180252492,0.7092616258143007,0.4281567667381848,
PPB_R,rdkit_norm,FCNN2,base,0.6706823642668468,0.7079091365241187,0.3741584270711665,
